zona,secao,melhor_urbano,melhor_rural
152,1,POINT(-43.347193 -21.7654826),POINT(-43.347193 -21.7654826)
152,11,POINT(-43.347193 -21.7654826),POINT(-43.347193 -21.7654826)
152,12,POINT(-43.347193 -21.7654826),POINT(-43.347193 -21.7654826)
152,121,POINT(-43.3509812 -21.7719805),POINT(-43.3509812 -21.7719805)
152,122,POINT(-43.3509812 -21.7719805),POINT(-43.3509812 -21.7719805)
152,123,POINT(-43.350413 -21.768268),POINT(-43.3514467 -21.7681983)
152,124,POINT(-43.350413 -21.768268),POINT(-43.3514467 -21.7681983)
152,125,POINT(-43.350413 -21.768268),POINT(-43.3514467 -21.7681983)
152,126,POINT(-43.350413 -21.768268),POINT(-43.3514467 -21.7681983)
152,127,POINT(-43.350413 -21.768268),POINT(-43.3514467 -21.7681983)
152,128,POINT(-43.3535988 -21.7744565),POINT(-43.3535988 -21.7744565)
152,129,POINT(-43.3535988 -21.7744565),POINT(-43.3535988 -21.7744565)
152,13,POINT(-43.347193 -21.7654826),POINT(-43.347193 -21.7654826)
152,130,POINT(-43.3535988 -21.7744565),POINT(-43.3535988 -21.7744565)
152,131,POINT(-43.3535988 -21.7744565),POINT(-43.3535988 -21.7744565)
152,132,POINT(-43.3535988 -21.7744565),POINT(-43.3535988 -21.7744565)
152,133,POINT(-43.3509812 -21.7719805),POINT(-43.3509812 -21.7719805)
152,134,POINT(-43.350413 -21.768268),POINT(-43.3514467 -21.7681983)
152,135,POINT(-43.350413 -21.768268),POINT(-43.3514467 -21.7681983)
152,136,POINT(-43.350413 -21.768268),POINT(-43.3514467 -21.7681983)
152,137,POINT(-43.3544952 -21.7747755),POINT(-43.3544952 -21.7747755)
152,138,POINT(-43.3544952 -21.7747755),POINT(-43.3544952 -21.7747755)
152,139,POINT(-43.3544952 -21.7747755),POINT(-43.3544952 -21.7747755)
152,140,POINT(-43.3544952 -21.7747755),POINT(-43.3544952 -21.7747755)
152,141,POINT(-43.3544952 -21.7747755),POINT(-43.3544952 -21.7747755)
152,142,POINT(-43.350413 -21.768268),POINT(-43.3514467 -21.7681983)
152,143,POINT(-43.350413 -21.768268),POINT(-43.3514467 -21.7681983)
152,144,POINT(-43.350413 -21.768268),POINT(-43.3514467 -21.7681983)
152,145,POINT(-43.350413 -21.768268),POINT(-43.3514467 -21.7681983)
152,146,POINT(-43.3544952 -21.7747755),POINT(-43.3544952 -21.7747755)
152,147,POINT(-43.3544952 -21.7747755),POINT(-43.3544952 -21.7747755)
152,148,POINT(-43.3544952 -21.7747755),POINT(-43.3544952 -21.7747755)
152,149,POINT(-43.3544952 -21.7747755),POINT(-43.3544952 -21.7747755)
152,150,POINT(-43.3544952 -21.7747755),POINT(-43.3544952 -21.7747755)
152,151,POINT(-43.3544952 -21.7747755),POINT(-43.3544952 -21.7747755)
152,152,POINT(-43.3544952 -21.7747755),POINT(-43.3544952 -21.7747755)
152,153,POINT(-43.3544952 -21.7747755),POINT(-43.3544952 -21.7747755)
152,154,POINT(-43.3544952 -21.7747755),POINT(-43.3544952 -21.7747755)
152,155,POINT(-43.3544952 -21.7747755),POINT(-43.3544952 -21.7747755)
152,156,POINT(-43.3544952 -21.7747755),POINT(-43.3544952 -21.7747755)
152,167,POINT(-43.355953 -21.768228),POINT(-43.355953 -21.768228)
152,168,POINT(-43.355953 -21.768228),POINT(-43.355953 -21.768228)
152,169,POINT(-43.355953 -21.768228),POINT(-43.355953 -21.768228)
152,170,POINT(-43.355953 -21.768228),POINT(-43.355953 -21.768228)
152,171,POINT(-43.352498 -21.7621496),POINT(-43.352498 -21.7621496)
152,172,POINT(-43.352498 -21.7621496),POINT(-43.352498 -21.7621496)
152,18,POINT(-43.3469284 -21.7632559),POINT(-43.3469284 -21.7632559)
152,19,POINT(-43.350982 -21.7635925),POINT(-43.350982 -21.7635925)
152,2,POINT(-43.350982 -21.7635925),POINT(-43.350982 -21.7635925)
152,21,POINT(-43.350982 -21.7635925),POINT(-43.350982 -21.7635925)
152,215,POINT(-43.3895335 -21.7899894),POINT(-43.3895335 -21.7899894)
152,216,POINT(-43.3895335 -21.7899894),POINT(-43.3895335 -21.7899894)
152,248, , 
152,25,POINT(-43.3469284 -21.7632559),POINT(-43.3469284 -21.7632559)
152,250,POINT(-43.3622454 -21.7778547),POINT(-43.3622454 -21.7778547)
152,257,POINT(-43.350413 -21.768268),POINT(-43.3514467 -21.7681983)
152,26,POINT(-43.3469284 -21.7632559),POINT(-43.3469284 -21.7632559)
152,261,POINT(-43.3509812 -21.7719805),POINT(-43.3509812 -21.7719805)
152,263,POINT(-43.3622454 -21.7778547),POINT(-43.3622454 -21.7778547)
152,27,POINT(-43.3469284 -21.7632559),POINT(-43.3469284 -21.7632559)
152,270,POINT(-43.352498 -21.7621496),POINT(-43.352498 -21.7621496)
152,271,POINT(-43.3544952 -21.7747755),POINT(-43.3544952 -21.7747755)
152,272,POINT(-43.350982 -21.7635925),POINT(-43.350982 -21.7635925)
152,28,POINT(-43.3469284 -21.7632559),POINT(-43.3469284 -21.7632559)
152,281,POINT(-43.350413 -21.768268),POINT(-43.3514467 -21.7681983)
152,286,POINT(-43.3509812 -21.7719805),POINT(-43.3509812 -21.7719805)
152,289,POINT(-43.350413 -21.768268),POINT(-43.3514467 -21.7681983)
152,29,POINT(-43.347193 -21.7654826),POINT(-43.347193 -21.7654826)
152,293,POINT(-43.350413 -21.768268),POINT(-43.3514467 -21.7681983)
152,294,POINT(-43.355953 -21.768228),POINT(-43.355953 -21.768228)
152,298,POINT(-43.3622454 -21.7778547),POINT(-43.3622454 -21.7778547)
152,3,POINT(-43.350982 -21.7635925),POINT(-43.350982 -21.7635925)
152,30,POINT(-43.347193 -21.7654826),POINT(-43.347193 -21.7654826)
152,301,POINT(-43.3544952 -21.7747755),POINT(-43.3544952 -21.7747755)
152,31,POINT(-43.347193 -21.7654826),POINT(-43.347193 -21.7654826)
152,32,POINT(-43.350982 -21.7635925),POINT(-43.350982 -21.7635925)
152,321,POINT(-43.3525 -21.76505),POINT(-43.3525 -21.76505)
152,322,POINT(-43.355953 -21.768228),POINT(-43.355953 -21.768228)
152,326,POINT(-43.350413 -21.768268),POINT(-43.3514467 -21.7681983)
152,328,POINT(-43.347193 -21.7654826),POINT(-43.347193 -21.7654826)
152,33,POINT(-43.350982 -21.7635925),POINT(-43.350982 -21.7635925)
152,335,POINT(-43.3622454 -21.7778547),POINT(-43.3622454 -21.7778547)
152,34,POINT(-43.350982 -21.7635925),POINT(-43.350982 -21.7635925)
152,348,POINT(-43.3622454 -21.7778547),POINT(-43.3622454 -21.7778547)
152,35,POINT(-43.350982 -21.7635925),POINT(-43.350982 -21.7635925)
152,351,POINT(-43.347193 -21.7654826),POINT(-43.347193 -21.7654826)
152,353,POINT(-43.3509812 -21.7719805),POINT(-43.3509812 -21.7719805)
152,355,POINT(-43.350413 -21.768268),POINT(-43.3514467 -21.7681983)
152,356,POINT(-43.3895335 -21.7899894),POINT(-43.3895335 -21.7899894)
152,36,POINT(-43.350982 -21.7635925),POINT(-43.350982 -21.7635925)
152,368,POINT(-43.355953 -21.768228),POINT(-43.355953 -21.768228)
152,37, , 
152,370,POINT(-43.350413 -21.768268),POINT(-43.3514467 -21.7681983)
152,381,POINT(-43.3509812 -21.7719805),POINT(-43.3509812 -21.7719805)
152,383,POINT(-43.3622454 -21.7778547),POINT(-43.3622454 -21.7778547)
152,39,POINT(-43.3469284 -21.7632559),POINT(-43.3469284 -21.7632559)
152,392,POINT(-43.350267 -21.760333),POINT(-43.350267 -21.760333)
152,393,POINT(-43.350267 -21.760333),POINT(-43.350267 -21.760333)
152,395,POINT(-43.350267 -21.760333),POINT(-43.350267 -21.760333)
152,396,POINT(-43.3534328 -21.7606026),POINT(-43.3534328 -21.7606026)
152,397,POINT(-43.3534328 -21.7606026),POINT(-43.3534328 -21.7606026)
152,398,POINT(-43.3534328 -21.7606026),POINT(-43.3534328 -21.7606026)
152,399,POINT(-43.3534328 -21.7606026),POINT(-43.3534328 -21.7606026)
152,4,POINT(-43.350982 -21.7635925),POINT(-43.350982 -21.7635925)
152,40, , 
152,400,POINT(-43.3534328 -21.7606026),POINT(-43.3534328 -21.7606026)
152,401,POINT(-43.3534328 -21.7606026),POINT(-43.3534328 -21.7606026)
152,402,POINT(-43.3534328 -21.7606026),POINT(-43.3534328 -21.7606026)
152,403,POINT(-43.3534328 -21.7606026),POINT(-43.3534328 -21.7606026)
152,404,POINT(-43.3534328 -21.7606026),POINT(-43.3534328 -21.7606026)
152,405,POINT(-43.3543176 -21.7564042),POINT(-43.3543176 -21.7564042)
152,406,POINT(-43.3543176 -21.7564042),POINT(-43.3543176 -21.7564042)
152,407,POINT(-43.3543176 -21.7564042),POINT(-43.3543176 -21.7564042)
152,408,POINT(-43.3543176 -21.7564042),POINT(-43.3543176 -21.7564042)
152,409,POINT(-43.3543176 -21.7564042),POINT(-43.3543176 -21.7564042)
152,41,POINT(-43.347193 -21.7654826),POINT(-43.347193 -21.7654826)
152,410,POINT(-43.3543176 -21.7564042),POINT(-43.3543176 -21.7564042)
152,411,POINT(-43.3543176 -21.7564042),POINT(-43.3543176 -21.7564042)
152,412,POINT(-43.3543176 -21.7564042),POINT(-43.3543176 -21.7564042)
152,42,POINT(-43.350413 -21.768268),POINT(-43.3514467 -21.7681983)
152,423,POINT(-43.3472969 -21.7590752),POINT(-43.3472969 -21.7590752)
152,424,POINT(-43.3472969 -21.7590752),POINT(-43.3472969 -21.7590752)
152,425,POINT(-43.3472969 -21.7590752),POINT(-43.3472969 -21.7590752)
152,426,POINT(-43.3472969 -21.7590752),POINT(-43.3472969 -21.7590752)
152,427,POINT(-43.3472969 -21.7590752),POINT(-43.3472969 -21.7590752)
152,428,POINT(-43.3472969 -21.7590752),POINT(-43.3472969 -21.7590752)
152,429,POINT(-43.3472969 -21.7590752),POINT(-43.3472969 -21.7590752)
152,43,POINT(-43.350982 -21.7635925),POINT(-43.350982 -21.7635925)
152,430,POINT(-43.3472969 -21.7590752),POINT(-43.3472969 -21.7590752)
152,437,POINT(-43.382065 -21.7579041),POINT(-43.382065 -21.7579041)
152,438,POINT(-43.382065 -21.7579041),POINT(-43.382065 -21.7579041)
152,439,POINT(-43.382065 -21.7579041),POINT(-43.382065 -21.7579041)
152,44,POINT(-43.352498 -21.7621496),POINT(-43.352498 -21.7621496)
152,440,POINT(-43.382065 -21.7579041),POINT(-43.382065 -21.7579041)
152,441,POINT(-43.382065 -21.7579041),POINT(-43.382065 -21.7579041)
152,442,POINT(-43.382065 -21.7579041),POINT(-43.382065 -21.7579041)
152,443,POINT(-43.382065 -21.7579041),POINT(-43.382065 -21.7579041)
152,444,POINT(-43.382065 -21.7579041),POINT(-43.382065 -21.7579041)
152,446,POINT(-43.382065 -21.7579041),POINT(-43.382065 -21.7579041)
152,447,POINT(-43.382065 -21.7579041),POINT(-43.382065 -21.7579041)
152,448,POINT(-43.382065 -21.7579041),POINT(-43.382065 -21.7579041)
152,45,POINT(-43.352498 -21.7621496),POINT(-43.352498 -21.7621496)
152,451,POINT(-43.3862331 -21.7718586),POINT(-43.3862331 -21.7718586)
152,452,POINT(-43.3862331 -21.7718586),POINT(-43.3862331 -21.7718586)
152,453,POINT(-43.3862331 -21.7718586),POINT(-43.3862331 -21.7718586)
152,454,POINT(-43.3862331 -21.7718586),POINT(-43.3862331 -21.7718586)
152,455,POINT(-43.3862331 -21.7718586),POINT(-43.3862331 -21.7718586)
152,456,POINT(-43.3862331 -21.7718586),POINT(-43.3862331 -21.7718586)
152,457,POINT(-43.3862331 -21.7718586),POINT(-43.3862331 -21.7718586)
152,458,POINT(-43.3862331 -21.7718586),POINT(-43.3862331 -21.7718586)
152,459,POINT(-43.3862331 -21.7718586),POINT(-43.3862331 -21.7718586)
152,46,POINT(-43.350413 -21.768268),POINT(-43.3514467 -21.7681983)
152,460,POINT(-43.3862331 -21.7718586),POINT(-43.3862331 -21.7718586)
152,461,POINT(-43.3862331 -21.7718586),POINT(-43.3862331 -21.7718586)
152,462,POINT(-43.3716998 -21.7730615),POINT(-43.3716998 -21.7730615)
152,463,POINT(-43.3716998 -21.7730615),POINT(-43.3716998 -21.7730615)
152,464,POINT(-43.3716998 -21.7730615),POINT(-43.3716998 -21.7730615)
152,465,POINT(-43.3716998 -21.7730615),POINT(-43.3716998 -21.7730615)
152,466,POINT(-43.3716998 -21.7730615),POINT(-43.3716998 -21.7730615)
152,467,POINT(-43.3716998 -21.7730615),POINT(-43.3716998 -21.7730615)
152,468,POINT(-43.3716998 -21.7730615),POINT(-43.3716998 -21.7730615)
152,469,POINT(-43.3716998 -21.7730615),POINT(-43.3716998 -21.7730615)
152,47,POINT(-43.350413 -21.768268),POINT(-43.3514467 -21.7681983)
152,470,POINT(-43.3716998 -21.7730615),POINT(-43.3716998 -21.7730615)
152,471,POINT(-43.3716998 -21.7730615),POINT(-43.3716998 -21.7730615)
152,472,POINT(-43.3716998 -21.7730615),POINT(-43.3716998 -21.7730615)
152,473,POINT(-43.3716998 -21.7730615),POINT(-43.3716998 -21.7730615)
152,474,POINT(-43.3716998 -21.7730615),POINT(-43.3716998 -21.7730615)
152,475,POINT(-43.3716998 -21.7730615),POINT(-43.3716998 -21.7730615)
152,476,POINT(-43.3716998 -21.7730615),POINT(-43.3716998 -21.7730615)
152,477,POINT(-43.3716998 -21.7730615),POINT(-43.3716998 -21.7730615)
152,478,POINT(-43.3716998 -21.7730615),POINT(-43.3716998 -21.7730615)
152,479,POINT(-43.3716998 -21.7730615),POINT(-43.3716998 -21.7730615)
152,48,POINT(-43.350413 -21.768268),POINT(-43.3514467 -21.7681983)
152,480,POINT(-43.38458 -21.78132),POINT(-43.38458 -21.78132)
152,481,POINT(-43.38458 -21.78132),POINT(-43.38458 -21.78132)
152,482,POINT(-43.38458 -21.78132),POINT(-43.38458 -21.78132)
152,483,POINT(-43.38458 -21.78132),POINT(-43.38458 -21.78132)
152,49,POINT(-43.350413 -21.768268),POINT(-43.3514467 -21.7681983)
152,491,POINT(-43.382065 -21.7579041),POINT(-43.382065 -21.7579041)
152,492,POINT(-43.382065 -21.7579041),POINT(-43.382065 -21.7579041)
152,5,POINT(-43.3469284 -21.7632559),POINT(-43.3469284 -21.7632559)
152,50, , 
152,51,POINT(-43.3525 -21.76505),POINT(-43.3525 -21.76505)
152,519,POINT(-43.3716998 -21.7730615),POINT(-43.3716998 -21.7730615)
152,52,POINT(-43.3525 -21.76505),POINT(-43.3525 -21.76505)
152,520,POINT(-43.3895335 -21.7899894),POINT(-43.3895335 -21.7899894)
152,521,POINT(-43.3862331 -21.7718586),POINT(-43.3862331 -21.7718586)
152,522,POINT(-43.352498 -21.7621496),POINT(-43.352498 -21.7621496)
152,523,POINT(-43.347193 -21.7654826),POINT(-43.347193 -21.7654826)
152,53,POINT(-43.347193 -21.7654826),POINT(-43.347193 -21.7654826)
152,54,POINT(-43.347193 -21.7654826),POINT(-43.347193 -21.7654826)
152,544,POINT(-43.3716998 -21.7730615),POINT(-43.3716998 -21.7730615)
152,545,POINT(-43.3509812 -21.7719805),POINT(-43.3509812 -21.7719805)
152,546,POINT(-43.3862331 -21.7718586),POINT(-43.3862331 -21.7718586)
152,547,POINT(-43.38458 -21.78132),POINT(-43.38458 -21.78132)
152,548,POINT(-43.3862331 -21.7718586),POINT(-43.3862331 -21.7718586)
152,549,POINT(-43.373244 -21.772267),POINT(-43.373244 -21.772267)
152,55, , 
152,550, , 
152,551,POINT(-43.3543176 -21.7564042),POINT(-43.3543176 -21.7564042)
152,552,POINT(-43.352498 -21.7621496),POINT(-43.352498 -21.7621496)
152,555,POINT(-43.373244 -21.772267),POINT(-43.373244 -21.772267)
152,556, , 
152,557, , 
152,558,POINT(-43.38458 -21.78132),POINT(-43.38458 -21.78132)
152,559, , 
152,56, , 
152,560,POINT(-43.3895335 -21.7899894),POINT(-43.3895335 -21.7899894)
152,561,POINT(-43.36439 -21.72934),POINT(-43.36439 -21.72934)
152,562,POINT(-43.36439 -21.72934),POINT(-43.36439 -21.72934)
152,563,POINT(-43.36439 -21.72934),POINT(-43.36439 -21.72934)
152,564,POINT(-43.36439 -21.72934),POINT(-43.36439 -21.72934)
152,565,POINT(-43.36439 -21.72934),POINT(-43.36439 -21.72934)
152,566,POINT(-43.36439 -21.72934),POINT(-43.36439 -21.72934)
152,567,POINT(-43.36439 -21.72934),POINT(-43.36439 -21.72934)
152,568,POINT(-43.36439 -21.72934),POINT(-43.36439 -21.72934)
152,569,POINT(-43.36439 -21.72934),POINT(-43.36439 -21.72934)
152,57,POINT(-43.350982 -21.7635925),POINT(-43.350982 -21.7635925)
152,570,POINT(-43.36439 -21.72934),POINT(-43.36439 -21.72934)
152,571,POINT(-43.36439 -21.72934),POINT(-43.36439 -21.72934)
152,572, , 
152,573, , 
152,574,POINT(-43.3532632 -21.7527962),POINT(-43.3532632 -21.7527962)
152,575,POINT(-43.3532632 -21.7527962),POINT(-43.3532632 -21.7527962)
152,576,POINT(-43.3532632 -21.7527962),POINT(-43.3532632 -21.7527962)
152,577,POINT(-43.3532632 -21.7527962),POINT(-43.3532632 -21.7527962)
152,578,POINT(-43.3532632 -21.7527962),POINT(-43.3532632 -21.7527962)
152,579,POINT(-43.3532632 -21.7527962),POINT(-43.3532632 -21.7527962)
152,58, , 
152,580,POINT(-43.3532632 -21.7527962),POINT(-43.3532632 -21.7527962)
152,581,POINT(-43.3532632 -21.7527962),POINT(-43.3532632 -21.7527962)
152,582,POINT(-43.3532632 -21.7527962),POINT(-43.3532632 -21.7527962)
152,583,POINT(-43.3532632 -21.7527962),POINT(-43.3532632 -21.7527962)
152,584,POINT(-43.3532632 -21.7527962),POINT(-43.3532632 -21.7527962)
152,585,POINT(-43.3532632 -21.7527962),POINT(-43.3532632 -21.7527962)
152,586,POINT(-43.3532632 -21.7527962),POINT(-43.3532632 -21.7527962)
152,587,POINT(-43.3532632 -21.7527962),POINT(-43.3532632 -21.7527962)
152,588,POINT(-43.3532632 -21.7527962),POINT(-43.3532632 -21.7527962)
152,589,POINT(-43.3532632 -21.7527962),POINT(-43.3532632 -21.7527962)
152,59, , 
152,590,POINT(-43.3532632 -21.7527962),POINT(-43.3532632 -21.7527962)
152,591,POINT(-43.3532632 -21.7527962),POINT(-43.3532632 -21.7527962)
152,592,POINT(-43.3532632 -21.7527962),POINT(-43.3532632 -21.7527962)
152,593,POINT(-43.3532632 -21.7527962),POINT(-43.3532632 -21.7527962)
152,594,POINT(-43.3532632 -21.7527962),POINT(-43.3532632 -21.7527962)
152,595,POINT(-43.3532632 -21.7527962),POINT(-43.3532632 -21.7527962)
152,596, , 
152,597, , 
152,598, , 
152,599, , 
152,6,POINT(-43.350982 -21.7635925),POINT(-43.350982 -21.7635925)
152,60,POINT(-43.350982 -21.7635925),POINT(-43.350982 -21.7635925)
152,600, , 
152,601,POINT(-43.3533013 -21.7524133),POINT(-43.3533013 -21.7524133)
152,602,POINT(-43.3533013 -21.7524133),POINT(-43.3533013 -21.7524133)
152,603,POINT(-43.3610571 -21.74264),POINT(-43.3610571 -21.74264)
152,604,POINT(-43.3610571 -21.74264),POINT(-43.3610571 -21.74264)
152,605,POINT(-43.3610571 -21.74264),POINT(-43.3610571 -21.74264)
152,606,POINT(-43.3610571 -21.74264),POINT(-43.3610571 -21.74264)
152,607,POINT(-43.3610571 -21.74264),POINT(-43.3610571 -21.74264)
152,608,POINT(-43.3619434 -21.7423422),POINT(-43.3619434 -21.7423422)
152,609,POINT(-43.3619434 -21.7423422),POINT(-43.3619434 -21.7423422)
152,61,POINT(-43.347193 -21.7654826),POINT(-43.347193 -21.7654826)
152,610,POINT(-43.3619434 -21.7423422),POINT(-43.3619434 -21.7423422)
152,611,POINT(-43.3619434 -21.7423422),POINT(-43.3619434 -21.7423422)
152,612,POINT(-43.364102 -21.7384769),POINT(-43.3641748 -21.7386169)
152,613,POINT(-43.364102 -21.7384769),POINT(-43.3641748 -21.7386169)
152,614,POINT(-43.364102 -21.7384769),POINT(-43.3641748 -21.7386169)
152,615,POINT(-43.364102 -21.7384769),POINT(-43.3641748 -21.7386169)
152,616,POINT(-43.364102 -21.7384769),POINT(-43.3641748 -21.7386169)
152,617,POINT(-43.364102 -21.7384769),POINT(-43.3641748 -21.7386169)
152,618,POINT(-43.364102 -21.7384769),POINT(-43.3641748 -21.7386169)
152,619,POINT(-43.3534293 -21.7206282),POINT(-43.3534293 -21.7206282)
152,62, , 
152,620,POINT(-43.3534293 -21.7206282),POINT(-43.3534293 -21.7206282)
152,621,POINT(-43.3534293 -21.7206282),POINT(-43.3534293 -21.7206282)
152,622,POINT(-43.3534293 -21.7206282),POINT(-43.3534293 -21.7206282)
152,623,POINT(-43.3534293 -21.7206282),POINT(-43.3534293 -21.7206282)
152,624,POINT(-43.3534293 -21.7206282),POINT(-43.3534293 -21.7206282)
152,625,POINT(-43.3534293 -21.7206282),POINT(-43.3534293 -21.7206282)
152,626,POINT(-43.3534293 -21.7206282),POINT(-43.3534293 -21.7206282)
152,627,POINT(-43.3534293 -21.7206282),POINT(-43.3534293 -21.7206282)
152,628,POINT(-43.3534293 -21.7206282),POINT(-43.3534293 -21.7206282)
152,629,POINT(-43.3534293 -21.7206282),POINT(-43.3534293 -21.7206282)
152,630,POINT(-43.3534293 -21.7206282),POINT(-43.3534293 -21.7206282)
152,631,POINT(-43.3534293 -21.7206282),POINT(-43.3534293 -21.7206282)
152,632,POINT(-43.4874659 -21.5807695),POINT(-43.4874659 -21.5807695)
152,633,POINT(-43.4874659 -21.5807695),POINT(-43.4874659 -21.5807695)
152,634,POINT(-43.4874659 -21.5807695),POINT(-43.4874659 -21.5807695)
152,635,POINT(-43.3519108 -21.7740091),POINT(-43.3519108 -21.7740091)
152,636,POINT(-43.3519108 -21.7740091),POINT(-43.3519108 -21.7740091)
152,637,POINT(-43.3519108 -21.7740091),POINT(-43.3519108 -21.7740091)
152,638,POINT(-43.3519108 -21.7740091),POINT(-43.3519108 -21.7740091)
152,639,POINT(-43.455564 -21.6481366), 
152,640,POINT(-43.455564 -21.6481366), 
152,641,POINT(-43.3626884 -21.742374),POINT(-43.3626884 -21.742374)
152,642,POINT(-43.3626884 -21.742374),POINT(-43.3626884 -21.742374)
152,643,POINT(-43.3626884 -21.742374),POINT(-43.3626884 -21.742374)
152,644,POINT(-43.3626884 -21.742374),POINT(-43.3626884 -21.742374)
152,645,POINT(-43.3626884 -21.742374),POINT(-43.3626884 -21.742374)
152,646,POINT(-43.3622006 -21.7420691),POINT(-43.3622006 -21.7420691)
152,647,POINT(-43.3622006 -21.7420691),POINT(-43.3622006 -21.7420691)
152,648,POINT(-43.3622006 -21.7420691),POINT(-43.3622006 -21.7420691)
152,650,POINT(-43.3606396 -21.7328172),POINT(-43.3606396 -21.7328172)
152,651,POINT(-43.3606396 -21.7328172),POINT(-43.3606396 -21.7328172)
152,652,POINT(-43.3606396 -21.7328172),POINT(-43.3606396 -21.7328172)
152,653,POINT(-43.3606396 -21.7328172),POINT(-43.3606396 -21.7328172)
152,654,POINT(-43.3606396 -21.7328172),POINT(-43.3606396 -21.7328172)
152,655,POINT(-43.3606396 -21.7328172),POINT(-43.3606396 -21.7328172)
152,656,POINT(-43.3606396 -21.7328172),POINT(-43.3606396 -21.7328172)
152,657,POINT(-43.3606396 -21.7328172),POINT(-43.3606396 -21.7328172)
152,658,POINT(-43.3575883 -21.7415353),POINT(-43.3576835 -21.741204)
152,659,POINT(-43.3575883 -21.7415353),POINT(-43.3576835 -21.741204)
152,66,POINT(-43.350413 -21.768268),POINT(-43.3514467 -21.7681983)
152,660,POINT(-43.5061999 -21.5944068),POINT(-43.5061999 -21.5944068)
152,661, , 
152,662, , 
152,663,POINT(-43.413599 -21.775172),POINT(-43.413599 -21.775172)
152,664,POINT(-43.352498 -21.7621496),POINT(-43.352498 -21.7621496)
152,665, , 
152,666, , 
152,667, , 
152,668,POINT(-43.413599 -21.775172),POINT(-43.413599 -21.775172)
152,669,POINT(-43.382065 -21.7579041),POINT(-43.382065 -21.7579041)
152,67,POINT(-43.350982 -21.7635925),POINT(-43.350982 -21.7635925)
152,670,POINT(-43.3895335 -21.7899894),POINT(-43.3895335 -21.7899894)
152,671,POINT(-43.38458 -21.78132),POINT(-43.38458 -21.78132)
152,672, , 
152,673,POINT(-43.352498 -21.7621496),POINT(-43.352498 -21.7621496)
152,674, , 
152,675, , 
152,676,POINT(-43.413599 -21.775172),POINT(-43.413599 -21.775172)
152,677,POINT(-43.3895335 -21.7899894),POINT(-43.3895335 -21.7899894)
152,678,POINT(-43.38458 -21.78132),POINT(-43.38458 -21.78132)
152,679,POINT(-43.3895335 -21.7899894),POINT(-43.3895335 -21.7899894)
152,68,POINT(-43.350982 -21.7635925),POINT(-43.350982 -21.7635925)
152,680, , 
152,69, , 
152,7,POINT(-43.3469284 -21.7632559),POINT(-43.3469284 -21.7632559)
152,70,POINT(-43.3469284 -21.7632559),POINT(-43.3469284 -21.7632559)
152,71, , 
152,8,POINT(-43.3469284 -21.7632559),POINT(-43.3469284 -21.7632559)
152,9,POINT(-43.3469284 -21.7632559),POINT(-43.3469284 -21.7632559)
153,100,POINT(-43.39527 -21.73516),POINT(-43.39527 -21.73516)
153,101,POINT(-43.39527 -21.73516),POINT(-43.39527 -21.73516)
153,102,POINT(-43.39527 -21.73516),POINT(-43.39527 -21.73516)
153,103,POINT(-43.3903468 -21.7322622),POINT(-43.3903468 -21.7322622)
153,104,POINT(-43.3903468 -21.7322622),POINT(-43.3903468 -21.7322622)
153,105,POINT(-43.3903468 -21.7322622),POINT(-43.3903468 -21.7322622)
153,106,POINT(-43.3903468 -21.7322622),POINT(-43.3903468 -21.7322622)
153,107,POINT(-43.3903468 -21.7322622),POINT(-43.3903468 -21.7322622)
153,108,POINT(-43.3903468 -21.7322622),POINT(-43.3903468 -21.7322622)
153,109,POINT(-43.3903468 -21.7322622),POINT(-43.3903468 -21.7322622)
153,110,POINT(-43.3903468 -21.7322622),POINT(-43.3903468 -21.7322622)
153,111,POINT(-43.3903468 -21.7322622),POINT(-43.3903468 -21.7322622)
153,112,POINT(-43.3936471 -21.7349294),POINT(-43.3936471 -21.7349294)
153,114,POINT(-43.3936471 -21.7349294),POINT(-43.3936471 -21.7349294)
153,115,POINT(-43.40383 -21.71567),POINT(-43.40383 -21.71567)
153,116,POINT(-43.40383 -21.71567),POINT(-43.40383 -21.71567)
153,117,POINT(-43.3954077 -21.7208092),POINT(-43.3954077 -21.7208092)
153,118,POINT(-43.3954077 -21.7208092),POINT(-43.3954077 -21.7208092)
153,119,POINT(-43.3954077 -21.7208092),POINT(-43.3954077 -21.7208092)
153,120,POINT(-43.3954077 -21.7208092),POINT(-43.3954077 -21.7208092)
153,121,POINT(-43.3954077 -21.7208092),POINT(-43.3954077 -21.7208092)
153,122,POINT(-43.3954077 -21.7208092),POINT(-43.3954077 -21.7208092)
153,123,POINT(-43.3954077 -21.7208092),POINT(-43.3954077 -21.7208092)
153,124,POINT(-43.3954077 -21.7208092),POINT(-43.3954077 -21.7208092)
153,125,POINT(-43.3954077 -21.7208092),POINT(-43.3954077 -21.7208092)
153,126,POINT(-43.3954077 -21.7208092),POINT(-43.3954077 -21.7208092)
153,132,POINT(-43.3973717 -21.7231639),POINT(-43.3973717 -21.7231639)
153,133,POINT(-43.3973717 -21.7231639),POINT(-43.3973717 -21.7231639)
153,134,POINT(-43.3973717 -21.7231639),POINT(-43.3973717 -21.7231639)
153,135,POINT(-43.3973717 -21.7231639),POINT(-43.3973717 -21.7231639)
153,136,POINT(-43.3973717 -21.7231639),POINT(-43.3973717 -21.7231639)
153,137,POINT(-43.3973717 -21.7231639),POINT(-43.3973717 -21.7231639)
153,138,POINT(-43.3973717 -21.7231639),POINT(-43.3973717 -21.7231639)
153,139,POINT(-43.3973717 -21.7231639),POINT(-43.3973717 -21.7231639)
153,140,POINT(-43.3973717 -21.7231639),POINT(-43.3973717 -21.7231639)
153,141,POINT(-43.38596 -21.74401),POINT(-43.38596 -21.74401)
153,142,POINT(-43.38596 -21.74401),POINT(-43.38596 -21.74401)
153,143,POINT(-43.38596 -21.74401),POINT(-43.38596 -21.74401)
153,144,POINT(-43.38596 -21.74401),POINT(-43.38596 -21.74401)
153,145,POINT(-43.38596 -21.74401),POINT(-43.38596 -21.74401)
153,146,POINT(-43.38596 -21.74401),POINT(-43.38596 -21.74401)
153,147,POINT(-43.38596 -21.74401),POINT(-43.38596 -21.74401)
153,148,POINT(-43.38596 -21.74401),POINT(-43.38596 -21.74401)
153,176, , 
153,177, , 
153,178, , 
153,179, , 
153,180, , 
153,181,POINT(-43.43609 -21.70392),POINT(-43.43609 -21.70392)
153,182,POINT(-43.43609 -21.70392),POINT(-43.43609 -21.70392)
153,183,POINT(-43.43609 -21.70392),POINT(-43.43609 -21.70392)
153,184,POINT(-43.438629 -21.710842),POINT(-43.4385237 -21.7106812)
153,185,POINT(-43.438629 -21.710842),POINT(-43.4385237 -21.7106812)
153,186,POINT(-43.438629 -21.710842),POINT(-43.4385237 -21.7106812)
153,187,POINT(-43.438629 -21.710842),POINT(-43.4385237 -21.7106812)
153,188,POINT(-43.438629 -21.710842),POINT(-43.4385237 -21.7106812)
153,189,POINT(-43.438629 -21.710842),POINT(-43.4385237 -21.7106812)
153,190,POINT(-43.438629 -21.710842),POINT(-43.4385237 -21.7106812)
153,191,POINT(-43.438629 -21.710842),POINT(-43.4385237 -21.7106812)
153,192,POINT(-43.438629 -21.710842),POINT(-43.4385237 -21.7106812)
153,193,POINT(-43.438629 -21.710842),POINT(-43.4385237 -21.7106812)
153,194,POINT(-43.438629 -21.710842),POINT(-43.4385237 -21.7106812)
153,195,POINT(-43.438842 -21.686303),POINT(-43.438875 -21.6860173)
153,196,POINT(-43.438842 -21.686303),POINT(-43.438875 -21.6860173)
153,197,POINT(-43.4254991 -21.7011491),POINT(-43.4254991 -21.7011491)
153,198,POINT(-43.4254991 -21.7011491),POINT(-43.4254991 -21.7011491)
153,199,POINT(-43.4254991 -21.7011491),POINT(-43.4254991 -21.7011491)
153,200,POINT(-43.4254991 -21.7011491),POINT(-43.4254991 -21.7011491)
153,201,POINT(-43.430054 -21.6957928),POINT(-43.430054 -21.6957928)
153,202,POINT(-43.430054 -21.6957928),POINT(-43.430054 -21.6957928)
153,203,POINT(-43.430054 -21.6957928),POINT(-43.430054 -21.6957928)
153,204,POINT(-43.430054 -21.6957928),POINT(-43.430054 -21.6957928)
153,205,POINT(-43.430054 -21.6957928),POINT(-43.430054 -21.6957928)
153,206,POINT(-43.430054 -21.6957928),POINT(-43.430054 -21.6957928)
153,207, , 
153,208, , 
153,209, , 
153,210,POINT(-43.438842 -21.686303),POINT(-43.438875 -21.6860173)
153,211,POINT(-43.438842 -21.686303),POINT(-43.438875 -21.6860173)
153,212,POINT(-43.437059 -21.685384),POINT(-43.437059 -21.685384)
153,213,POINT(-43.437059 -21.685384),POINT(-43.437059 -21.685384)
153,214,POINT(-43.437059 -21.685384),POINT(-43.437059 -21.685384)
153,215,POINT(-43.438842 -21.686303),POINT(-43.438875 -21.6860173)
153,216,POINT(-43.4848962 -21.7073081),POINT(-43.4848962 -21.7073081)
153,217,POINT(-43.4848962 -21.7073081),POINT(-43.4848962 -21.7073081)
153,218,POINT(-43.4848962 -21.7073081),POINT(-43.4848962 -21.7073081)
153,219, , 
153,220, , 
153,221, , 
153,222,POINT(-43.6028015 -21.7606119),POINT(-43.6028015 -21.7606119)
153,223,POINT(-43.6028015 -21.7606119),POINT(-43.6028015 -21.7606119)
153,224, , 
153,225,POINT(-43.430054 -21.6957928),POINT(-43.430054 -21.6957928)
153,226,POINT(-43.3973717 -21.7231639),POINT(-43.3973717 -21.7231639)
153,228,POINT(-43.39527 -21.73516),POINT(-43.39527 -21.73516)
153,233,POINT(-43.4099104 -21.7177611),POINT(-43.4099104 -21.7177611)
153,234,POINT(-43.4427444 -21.7074864),POINT(-43.4427444 -21.7074864)
153,236, , 
153,241,POINT(-43.4060286 -21.7430455),POINT(-43.4060286 -21.7430455)
153,242,POINT(-43.40383 -21.71567),POINT(-43.40383 -21.71567)
153,245,POINT(-43.4099104 -21.7177611),POINT(-43.4099104 -21.7177611)
153,246,POINT(-43.4427444 -21.7074864),POINT(-43.4427444 -21.7074864)
153,248,POINT(-43.438842 -21.686303),POINT(-43.438875 -21.6860173)
153,249,POINT(-43.4427444 -21.7074864),POINT(-43.4427444 -21.7074864)
153,250,POINT(-43.39527 -21.73516),POINT(-43.39527 -21.73516)
153,252,POINT(-43.4060286 -21.7430455),POINT(-43.4060286 -21.7430455)
153,255,POINT(-43.4099104 -21.7177611),POINT(-43.4099104 -21.7177611)
153,256,POINT(-43.3973717 -21.7231639),POINT(-43.3973717 -21.7231639)
153,257, , 
153,258,POINT(-43.40383 -21.71567),POINT(-43.40383 -21.71567)
153,259, , 
153,261,POINT(-43.43609 -21.70392),POINT(-43.43609 -21.70392)
153,263,POINT(-43.4427444 -21.7074864),POINT(-43.4427444 -21.7074864)
153,264,POINT(-43.3973717 -21.7231639),POINT(-43.3973717 -21.7231639)
153,267,POINT(-43.438842 -21.686303),POINT(-43.438875 -21.6860173)
153,268,POINT(-43.40383 -21.71567),POINT(-43.40383 -21.71567)
153,270, , 
153,271,POINT(-43.4458975 -21.6943166),POINT(-43.4458975 -21.6943166)
153,274,POINT(-43.4060286 -21.7430455),POINT(-43.4060286 -21.7430455)
153,275,POINT(-43.4427444 -21.7074864),POINT(-43.4427444 -21.7074864)
153,276,POINT(-43.4427444 -21.7074864),POINT(-43.4427444 -21.7074864)
153,277,POINT(-43.39527 -21.73516),POINT(-43.39527 -21.73516)
153,280,POINT(-43.4099104 -21.7177611),POINT(-43.4099104 -21.7177611)
153,282, , 
153,285, , 
153,287,POINT(-43.438842 -21.686303),POINT(-43.438875 -21.6860173)
153,288,POINT(-43.43609 -21.70392),POINT(-43.43609 -21.70392)
153,289,POINT(-43.4060286 -21.7430455),POINT(-43.4060286 -21.7430455)
153,292,POINT(-43.4360893 -21.677547),POINT(-43.4360893 -21.677547)
153,296,POINT(-43.38596 -21.74401),POINT(-43.38596 -21.74401)
153,298,POINT(-43.3903468 -21.7322622),POINT(-43.3903468 -21.7322622)
153,300,POINT(-43.3936336 -21.7437871),POINT(-43.3936336 -21.7437871)
153,301,POINT(-43.4060286 -21.7430455),POINT(-43.4060286 -21.7430455)
153,302,POINT(-43.3973717 -21.7231639),POINT(-43.3973717 -21.7231639)
153,305,POINT(-43.39527 -21.73516),POINT(-43.39527 -21.73516)
153,306,POINT(-43.437059 -21.685384),POINT(-43.437059 -21.685384)
153,307, , 
153,308,POINT(-43.4427444 -21.7074864),POINT(-43.4427444 -21.7074864)
153,309,POINT(-43.4458975 -21.6943166),POINT(-43.4458975 -21.6943166)
153,310, , 
153,311,POINT(-43.4099104 -21.7177611),POINT(-43.4099104 -21.7177611)
153,313,POINT(-43.4848962 -21.7073081),POINT(-43.4848962 -21.7073081)
153,314,POINT(-43.40383 -21.71567),POINT(-43.40383 -21.71567)
153,319,POINT(-43.4060286 -21.7430455),POINT(-43.4060286 -21.7430455)
153,320,POINT(-43.4427444 -21.7074864),POINT(-43.4427444 -21.7074864)
153,321,POINT(-43.4246653 -21.7108903),POINT(-43.4246653 -21.7108903)
153,322,POINT(-43.4422147 -21.688347),POINT(-43.4422147 -21.688347)
153,323,POINT(-43.39527 -21.73516),POINT(-43.39527 -21.73516)
153,324,POINT(-43.43609 -21.70392),POINT(-43.43609 -21.70392)
153,325, , 
153,326, , 
153,329,POINT(-43.4060286 -21.7430455),POINT(-43.4060286 -21.7430455)
153,330,POINT(-43.39527 -21.73516),POINT(-43.39527 -21.73516)
153,331,POINT(-43.4099104 -21.7177611),POINT(-43.4099104 -21.7177611)
153,334,POINT(-43.4848962 -21.7073081),POINT(-43.4848962 -21.7073081)
153,335,POINT(-43.43609 -21.70392),POINT(-43.43609 -21.70392)
153,336,POINT(-43.40383 -21.71567),POINT(-43.40383 -21.71567)
153,337,POINT(-43.4360893 -21.677547),POINT(-43.4360893 -21.677547)
153,339,POINT(-43.438842 -21.686303),POINT(-43.438875 -21.6860173)
153,340,POINT(-43.4060286 -21.7430455),POINT(-43.4060286 -21.7430455)
153,341,POINT(-43.4458975 -21.6943166),POINT(-43.4458975 -21.6943166)
153,342,POINT(-43.4422147 -21.688347),POINT(-43.4422147 -21.688347)
153,343, , 
153,344,POINT(-43.4246653 -21.7108903),POINT(-43.4246653 -21.7108903)
153,345, , 
153,348, , 
153,349,POINT(-43.4427444 -21.7074864),POINT(-43.4427444 -21.7074864)
153,351,POINT(-43.4060286 -21.7430455),POINT(-43.4060286 -21.7430455)
153,352,POINT(-43.39527 -21.73516),POINT(-43.39527 -21.73516)
153,354, , 
153,356,POINT(-43.438629 -21.710842),POINT(-43.4385237 -21.7106812)
153,357,POINT(-43.43609 -21.70392),POINT(-43.43609 -21.70392)
153,358, , 
153,360,POINT(-43.4099104 -21.7177611),POINT(-43.4099104 -21.7177611)
153,361,POINT(-43.438842 -21.686303),POINT(-43.438875 -21.6860173)
153,362,POINT(-43.4060286 -21.7430455),POINT(-43.4060286 -21.7430455)
153,363,POINT(-43.4246653 -21.7108903),POINT(-43.4246653 -21.7108903)
153,364,POINT(-43.4031905 -21.7472612),POINT(-43.4031905 -21.7472612)
153,365,POINT(-43.438842 -21.686303),POINT(-43.438875 -21.6860173)
153,366,POINT(-43.39527 -21.73516),POINT(-43.39527 -21.73516)
153,367,POINT(-43.4848962 -21.7073081),POINT(-43.4848962 -21.7073081)
153,368, , 
153,369,POINT(-43.438629 -21.710842),POINT(-43.4385237 -21.7106812)
153,370,POINT(-43.4422147 -21.688347),POINT(-43.4422147 -21.688347)
153,371,POINT(-43.4360893 -21.677547),POINT(-43.4360893 -21.677547)
153,372,POINT(-43.43609 -21.70392),POINT(-43.43609 -21.70392)
153,373,POINT(-43.3543176 -21.7564042),POINT(-43.3543176 -21.7564042)
153,374,POINT(-43.40383 -21.71567),POINT(-43.40383 -21.71567)
153,375,POINT(-43.38596 -21.74401),POINT(-43.38596 -21.74401)
153,376,POINT(-43.4246653 -21.7108903),POINT(-43.4246653 -21.7108903)
153,377,POINT(-43.4031905 -21.7472612),POINT(-43.4031905 -21.7472612)
153,378,POINT(-43.6028015 -21.7606119),POINT(-43.6028015 -21.7606119)
153,379, , 
153,380,POINT(-43.430054 -21.6957928),POINT(-43.430054 -21.6957928)
153,381,POINT(-43.3936471 -21.7349294),POINT(-43.3936471 -21.7349294)
153,382,POINT(-43.4427444 -21.7074864),POINT(-43.4427444 -21.7074864)
153,383,POINT(-43.4099104 -21.7177611),POINT(-43.4099104 -21.7177611)
153,384,POINT(-43.4060286 -21.7430455),POINT(-43.4060286 -21.7430455)
153,385,POINT(-43.43609 -21.70392),POINT(-43.43609 -21.70392)
153,386,POINT(-43.4458975 -21.6943166),POINT(-43.4458975 -21.6943166)
153,387,POINT(-43.38596 -21.74401),POINT(-43.38596 -21.74401)
153,388,POINT(-43.4246653 -21.7108903),POINT(-43.4246653 -21.7108903)
153,389,POINT(-43.3543176 -21.7564042),POINT(-43.3543176 -21.7564042)
153,390,POINT(-43.3568182 -21.7553524),POINT(-43.3568182 -21.7553524)
153,391,POINT(-43.3568182 -21.7553524),POINT(-43.3568182 -21.7553524)
153,392,POINT(-43.3568182 -21.7553524),POINT(-43.3568182 -21.7553524)
153,393,POINT(-43.3568182 -21.7553524),POINT(-43.3568182 -21.7553524)
153,394,POINT(-43.3568182 -21.7553524),POINT(-43.3568182 -21.7553524)
153,395,POINT(-43.3568182 -21.7553524),POINT(-43.3568182 -21.7553524)
153,396,POINT(-43.3744587 -21.7421018),POINT(-43.3744587 -21.7421018)
153,397,POINT(-43.3744587 -21.7421018),POINT(-43.3744587 -21.7421018)
153,398,POINT(-43.3744587 -21.7421018),POINT(-43.3744587 -21.7421018)
153,399,POINT(-43.3744587 -21.7421018),POINT(-43.3744587 -21.7421018)
153,400,POINT(-43.3744587 -21.7421018),POINT(-43.3744587 -21.7421018)
153,401,POINT(-43.3744587 -21.7421018),POINT(-43.3744587 -21.7421018)
153,402,POINT(-43.3744587 -21.7421018),POINT(-43.3744587 -21.7421018)
153,403,POINT(-43.3744587 -21.7421018),POINT(-43.3744587 -21.7421018)
153,404,POINT(-43.3744587 -21.7421018),POINT(-43.3744587 -21.7421018)
153,405,POINT(-43.3744587 -21.7421018),POINT(-43.3744587 -21.7421018)
153,406,POINT(-43.3744587 -21.7421018),POINT(-43.3744587 -21.7421018)
153,407,POINT(-43.3744587 -21.7421018),POINT(-43.3744587 -21.7421018)
153,408,POINT(-43.3744587 -21.7421018),POINT(-43.3744587 -21.7421018)
153,409,POINT(-43.4084786 -21.6456545),POINT(-43.4084786 -21.6456545)
153,410,POINT(-43.3552992 -21.7462618),POINT(-43.3552992 -21.7462618)
153,411,POINT(-43.3552992 -21.7462618),POINT(-43.3552992 -21.7462618)
153,412,POINT(-43.3552992 -21.7462618),POINT(-43.3552992 -21.7462618)
153,413,POINT(-43.3552992 -21.7462618),POINT(-43.3552992 -21.7462618)
153,414,POINT(-43.3552115 -21.7506483),POINT(-43.3552115 -21.7506483)
153,415, , 
153,416,POINT(-43.3552115 -21.7506483),POINT(-43.3552115 -21.7506483)
153,417,POINT(-43.3552115 -21.7506483),POINT(-43.3552115 -21.7506483)
153,418,POINT(-43.3594761 -21.755733),POINT(-43.35895 -21.75614)
153,419,POINT(-43.3594761 -21.755733),POINT(-43.35895 -21.75614)
153,420,POINT(-43.3594761 -21.755733),POINT(-43.35895 -21.75614)
153,421,POINT(-43.3594761 -21.755733),POINT(-43.35895 -21.75614)
153,422,POINT(-43.3594761 -21.755733),POINT(-43.35895 -21.75614)
153,423,POINT(-43.3594761 -21.755733),POINT(-43.35895 -21.75614)
153,424,POINT(-43.3594761 -21.755733),POINT(-43.35895 -21.75614)
153,425,POINT(-43.3552115 -21.7506483),POINT(-43.3552115 -21.7506483)
153,426,POINT(-43.3552115 -21.7506483),POINT(-43.3552115 -21.7506483)
153,427,POINT(-43.3552115 -21.7506483),POINT(-43.3552115 -21.7506483)
153,428,POINT(-43.3552115 -21.7506483),POINT(-43.3552115 -21.7506483)
153,429,POINT(-43.3552115 -21.7506483),POINT(-43.3552115 -21.7506483)
153,430,POINT(-43.3552115 -21.7506483),POINT(-43.3552115 -21.7506483)
153,431,POINT(-43.3552115 -21.7506483),POINT(-43.3552115 -21.7506483)
153,432,POINT(-43.3552115 -21.7506483),POINT(-43.3552115 -21.7506483)
153,433,POINT(-43.3552115 -21.7506483),POINT(-43.3552115 -21.7506483)
153,434,POINT(-43.3552115 -21.7506483),POINT(-43.3552115 -21.7506483)
153,435,POINT(-43.3942108 -21.6440887),POINT(-43.3942108 -21.6440887)
153,436,POINT(-43.3823003 -21.7384526),POINT(-43.3823003 -21.7384526)
153,437,POINT(-43.3823003 -21.7384526),POINT(-43.3823003 -21.7384526)
153,438,POINT(-43.3823003 -21.7384526),POINT(-43.3823003 -21.7384526)
153,439,POINT(-43.3823003 -21.7384526),POINT(-43.3823003 -21.7384526)
153,441,POINT(-43.3823003 -21.7384526),POINT(-43.3823003 -21.7384526)
153,442,POINT(-43.3823003 -21.7384526),POINT(-43.3823003 -21.7384526)
153,443,POINT(-43.3823003 -21.7384526),POINT(-43.3823003 -21.7384526)
153,444,POINT(-43.3643733 -21.7461733),POINT(-43.3643733 -21.7461733)
153,445,POINT(-43.3643733 -21.7461733),POINT(-43.3643733 -21.7461733)
153,446,POINT(-43.3643733 -21.7461733),POINT(-43.3643733 -21.7461733)
153,447,POINT(-43.3643733 -21.7461733),POINT(-43.3643733 -21.7461733)
153,448,POINT(-43.3643733 -21.7461733),POINT(-43.3643733 -21.7461733)
153,449,POINT(-43.3643733 -21.7461733),POINT(-43.3643733 -21.7461733)
153,450,POINT(-43.3643733 -21.7461733),POINT(-43.3643733 -21.7461733)
153,452,POINT(-43.3643733 -21.7461733),POINT(-43.3643733 -21.7461733)
153,453,POINT(-43.3643733 -21.7461733),POINT(-43.3643733 -21.7461733)
153,454,POINT(-43.3804809 -21.7461393),POINT(-43.3804371 -21.746231)
153,456,POINT(-43.3804809 -21.7461393),POINT(-43.3804371 -21.746231)
153,457,POINT(-43.3804809 -21.7461393),POINT(-43.3804371 -21.746231)
153,458,POINT(-43.3804809 -21.7461393),POINT(-43.3804371 -21.746231)
153,459,POINT(-43.3804809 -21.7461393),POINT(-43.3804371 -21.746231)
153,460,POINT(-43.4320708 -21.6583474),POINT(-43.4320708 -21.6583474)
153,461,POINT(-43.4320708 -21.6583474),POINT(-43.4320708 -21.6583474)
153,462,POINT(-43.4320708 -21.6583474),POINT(-43.4320708 -21.6583474)
153,463,POINT(-43.4320708 -21.6583474),POINT(-43.4320708 -21.6583474)
153,464,POINT(-43.4320708 -21.6583474),POINT(-43.4320708 -21.6583474)
153,466,POINT(-43.4320708 -21.6583474),POINT(-43.4320708 -21.6583474)
153,467,POINT(-43.4320708 -21.6583474),POINT(-43.4320708 -21.6583474)
153,468,POINT(-43.3552115 -21.7506483),POINT(-43.3552115 -21.7506483)
153,469,POINT(-43.3552115 -21.7506483),POINT(-43.3552115 -21.7506483)
153,470,POINT(-43.3552115 -21.7506483),POINT(-43.3552115 -21.7506483)
153,471,POINT(-43.4427444 -21.7074864),POINT(-43.4427444 -21.7074864)
153,472,POINT(-43.430054 -21.6957928),POINT(-43.430054 -21.6957928)
153,473, , 
153,474,POINT(-43.4427444 -21.7074864),POINT(-43.4427444 -21.7074864)
153,475,POINT(-43.3973717 -21.7231639),POINT(-43.3973717 -21.7231639)
153,476,POINT(-43.4848962 -21.7073081),POINT(-43.4848962 -21.7073081)
153,478,POINT(-43.3555376 -21.7492933),POINT(-43.3555376 -21.7492933)
153,479,POINT(-43.4246653 -21.7108903),POINT(-43.4246653 -21.7108903)
153,480,POINT(-43.4422147 -21.688347),POINT(-43.4422147 -21.688347)
153,481,POINT(-43.4360893 -21.677547),POINT(-43.4360893 -21.677547)
153,482,POINT(-43.4031905 -21.7472612),POINT(-43.4031905 -21.7472612)
153,483,POINT(-43.3804809 -21.7461393),POINT(-43.3804371 -21.746231)
153,484,POINT(-43.3643733 -21.7461733),POINT(-43.3643733 -21.7461733)
153,485,POINT(-43.39527 -21.73516),POINT(-43.39527 -21.73516)
153,486,POINT(-43.4246653 -21.7108903),POINT(-43.4246653 -21.7108903)
153,487,POINT(-43.3903468 -21.7322622),POINT(-43.3903468 -21.7322622)
153,488,POINT(-43.430054 -21.6957928),POINT(-43.430054 -21.6957928)
153,489,POINT(-43.3954077 -21.7208092),POINT(-43.3954077 -21.7208092)
153,490,POINT(-43.4099104 -21.7177611),POINT(-43.4099104 -21.7177611)
153,491, , 
153,492,POINT(-43.4031905 -21.7472612),POINT(-43.4031905 -21.7472612)
153,493,POINT(-43.3936336 -21.7437871),POINT(-43.3936336 -21.7437871)
153,494,POINT(-43.3643733 -21.7461733),POINT(-43.3643733 -21.7461733)
153,495,POINT(-43.4246653 -21.7108903),POINT(-43.4246653 -21.7108903)
153,496,POINT(-43.4458975 -21.6943166),POINT(-43.4458975 -21.6943166)
153,497,POINT(-43.3543176 -21.7564042),POINT(-43.3543176 -21.7564042)
153,498,POINT(-43.4031905 -21.7472612),POINT(-43.4031905 -21.7472612)
153,499,POINT(-43.4848962 -21.7073081),POINT(-43.4848962 -21.7073081)
153,500, , 
153,501,POINT(-43.4427444 -21.7074864),POINT(-43.4427444 -21.7074864)
153,94,POINT(-43.3936336 -21.7437871),POINT(-43.3936336 -21.7437871)
153,95,POINT(-43.3936336 -21.7437871),POINT(-43.3936336 -21.7437871)
153,96,POINT(-43.3936336 -21.7437871),POINT(-43.3936336 -21.7437871)
153,97,POINT(-43.3936471 -21.7349294),POINT(-43.3936471 -21.7349294)
153,98,POINT(-43.39527 -21.73516),POINT(-43.39527 -21.73516)
153,99,POINT(-43.39527 -21.73516),POINT(-43.39527 -21.73516)
315,10,POINT(-43.344086 -21.7377845),POINT(-43.344086 -21.7377845)
315,100,POINT(-43.2801748 -21.7493838),POINT(-43.2801748 -21.7493838)
315,101,POINT(-43.338674 -21.7376373),POINT(-43.338674 -21.7376373)
315,102,POINT(-43.338674 -21.7376373),POINT(-43.338674 -21.7376373)
315,103,POINT(-43.338674 -21.7376373),POINT(-43.338674 -21.7376373)
315,104,POINT(-43.338674 -21.7376373),POINT(-43.338674 -21.7376373)
315,105,POINT(-43.338674 -21.7376373),POINT(-43.338674 -21.7376373)
315,106,POINT(-43.338674 -21.7376373),POINT(-43.338674 -21.7376373)
315,107,POINT(-43.312442 -21.772867),POINT(-43.3120166 -21.7727709)
315,108,POINT(-43.312442 -21.772867),POINT(-43.3120166 -21.7727709)
315,109,POINT(-43.312442 -21.772867),POINT(-43.3120166 -21.7727709)
315,11,POINT(-43.344086 -21.7377845),POINT(-43.344086 -21.7377845)
315,110,POINT(-43.312442 -21.772867),POINT(-43.3120166 -21.7727709)
315,111,POINT(-43.312442 -21.772867),POINT(-43.3120166 -21.7727709)
315,112,POINT(-43.312442 -21.772867),POINT(-43.3120166 -21.7727709)
315,113,POINT(-43.3147588 -21.7732448),POINT(-43.3147588 -21.7732448)
315,114,POINT(-43.3147588 -21.7732448),POINT(-43.3147588 -21.7732448)
315,115,POINT(-43.3147588 -21.7732448),POINT(-43.3147588 -21.7732448)
315,116,POINT(-43.3147588 -21.7732448),POINT(-43.3147588 -21.7732448)
315,12,POINT(-43.344086 -21.7377845),POINT(-43.344086 -21.7377845)
315,123,POINT(-43.333089 -21.7506224),POINT(-43.333089 -21.7506224)
315,124,POINT(-43.333089 -21.7506224),POINT(-43.333089 -21.7506224)
315,125,POINT(-43.333089 -21.7506224),POINT(-43.333089 -21.7506224)
315,126,POINT(-43.333089 -21.7506224),POINT(-43.333089 -21.7506224)
315,127,POINT(-43.333089 -21.7506224),POINT(-43.333089 -21.7506224)
315,128,POINT(-43.333089 -21.7506224),POINT(-43.333089 -21.7506224)
315,129,POINT(-43.333089 -21.7506224),POINT(-43.333089 -21.7506224)
315,13,POINT(-43.344086 -21.7377845),POINT(-43.344086 -21.7377845)
315,130,POINT(-43.333089 -21.7506224),POINT(-43.333089 -21.7506224)
315,131,POINT(-43.333089 -21.7506224),POINT(-43.333089 -21.7506224)
315,132,POINT(-43.3255633 -21.7517146),POINT(-43.3255633 -21.7517146)
315,133,POINT(-43.3255633 -21.7517146),POINT(-43.3255633 -21.7517146)
315,134,POINT(-43.3255633 -21.7517146),POINT(-43.3255633 -21.7517146)
315,135,POINT(-43.3255633 -21.7517146),POINT(-43.3255633 -21.7517146)
315,136,POINT(-43.325876 -21.749732),POINT(-43.325876 -21.749732)
315,137,POINT(-43.325876 -21.749732),POINT(-43.325876 -21.749732)
315,138,POINT(-43.325876 -21.749732),POINT(-43.325876 -21.749732)
315,139,POINT(-43.325876 -21.749732),POINT(-43.325876 -21.749732)
315,140,POINT(-43.3368887 -21.7578844),POINT(-43.3368887 -21.7578844)
315,141,POINT(-43.3368887 -21.7578844),POINT(-43.3368887 -21.7578844)
315,142,POINT(-43.3368887 -21.7578844),POINT(-43.3368887 -21.7578844)
315,143,POINT(-43.3368887 -21.7578844),POINT(-43.3368887 -21.7578844)
315,144,POINT(-43.3368887 -21.7578844),POINT(-43.3368887 -21.7578844)
315,145,POINT(-43.3368887 -21.7578844),POINT(-43.3368887 -21.7578844)
315,146,POINT(-43.3368887 -21.7578844),POINT(-43.3368887 -21.7578844)
315,147,POINT(-43.3368887 -21.7578844),POINT(-43.3368887 -21.7578844)
315,148,POINT(-43.3368887 -21.7578844),POINT(-43.3368887 -21.7578844)
315,153,POINT(-43.3443617 -21.7508901),POINT(-43.3443617 -21.7508901)
315,154,POINT(-43.3443617 -21.7508901),POINT(-43.3443617 -21.7508901)
315,155,POINT(-43.3443617 -21.7508901),POINT(-43.3443617 -21.7508901)
315,156,POINT(-43.3443617 -21.7508901),POINT(-43.3443617 -21.7508901)
315,157,POINT(-43.3443617 -21.7508901),POINT(-43.3443617 -21.7508901)
315,158,POINT(-43.3443617 -21.7508901),POINT(-43.3443617 -21.7508901)
315,159,POINT(-43.3443617 -21.7508901),POINT(-43.3443617 -21.7508901)
315,160,POINT(-43.3443617 -21.7508901),POINT(-43.3443617 -21.7508901)
315,161,POINT(-43.3443617 -21.7508901),POINT(-43.3443617 -21.7508901)
315,164,POINT(-43.3255633 -21.7517146),POINT(-43.3255633 -21.7517146)
315,165,POINT(-43.3487217 -21.747455),POINT(-43.3487217 -21.747455)
315,166,POINT(-43.3278077 -21.7701699),POINT(-43.3278077 -21.7701699)
315,167,POINT(-43.3277687 -21.7346122),POINT(-43.3277687 -21.7346122)
315,168,POINT(-43.3147588 -21.7732448),POINT(-43.3147588 -21.7732448)
315,170,POINT(-43.2931238 -21.7737262),POINT(-43.2931238 -21.7737262)
315,171,POINT(-43.3395234 -21.7528406),POINT(-43.3395234 -21.7528406)
315,173,POINT(-43.3147588 -21.7732448),POINT(-43.3147588 -21.7732448)
315,174,POINT(-43.3255633 -21.7517146),POINT(-43.3255633 -21.7517146)
315,175,POINT(-43.344086 -21.7377845),POINT(-43.344086 -21.7377845)
315,176,POINT(-43.32681 -21.76637),POINT(-43.32681 -21.76637)
315,177,POINT(-43.3277687 -21.7346122),POINT(-43.3277687 -21.7346122)
315,178,POINT(-43.338674 -21.7376373),POINT(-43.338674 -21.7376373)
315,179,POINT(-43.2931238 -21.7737262),POINT(-43.2931238 -21.7737262)
315,180,POINT(-43.3301543 -21.7624941),POINT(-43.3301543 -21.7624941)
315,181,POINT(-43.3278077 -21.7701699),POINT(-43.3278077 -21.7701699)
315,182,POINT(-43.344118 -21.7439335),POINT(-43.344118 -21.7439335)
315,183,POINT(-43.3255633 -21.7517146),POINT(-43.3255633 -21.7517146)
315,184,POINT(-43.3395234 -21.7528406),POINT(-43.3395234 -21.7528406)
315,185,POINT(-43.3147588 -21.7732448),POINT(-43.3147588 -21.7732448)
315,186,POINT(-43.3301543 -21.7624941),POINT(-43.3301543 -21.7624941)
315,189,POINT(-43.2931238 -21.7737262),POINT(-43.2931238 -21.7737262)
315,190,POINT(-43.3269398 -21.7327938),POINT(-43.3269398 -21.7327938)
315,191,POINT(-43.3277687 -21.7346122),POINT(-43.3277687 -21.7346122)
315,192,POINT(-43.3147588 -21.7732448),POINT(-43.3147588 -21.7732448)
315,193,POINT(-43.3255633 -21.7517146),POINT(-43.3255633 -21.7517146)
315,194,POINT(-43.344086 -21.7377845),POINT(-43.344086 -21.7377845)
315,195,POINT(-43.3147588 -21.7732448),POINT(-43.3147588 -21.7732448)
315,196,POINT(-43.3395234 -21.7528406),POINT(-43.3395234 -21.7528406)
315,197,POINT(-43.2931238 -21.7737262),POINT(-43.2931238 -21.7737262)
315,198,POINT(-43.3395234 -21.7528406),POINT(-43.3395234 -21.7528406)
315,199,POINT(-43.3269398 -21.7327938),POINT(-43.3269398 -21.7327938)
315,201,POINT(-43.3301543 -21.7624941),POINT(-43.3301543 -21.7624941)
315,202,POINT(-43.3147588 -21.7732448),POINT(-43.3147588 -21.7732448)
315,204,POINT(-43.3277687 -21.7346122),POINT(-43.3277687 -21.7346122)
315,205,POINT(-43.312442 -21.772867),POINT(-43.3120166 -21.7727709)
315,206, , 
315,207,POINT(-43.3443617 -21.7508901),POINT(-43.3443617 -21.7508901)
315,208,POINT(-43.338674 -21.7376373),POINT(-43.338674 -21.7376373)
315,209,POINT(-43.3277687 -21.7346122),POINT(-43.3277687 -21.7346122)
315,21,POINT(-43.3350393 -21.7613313),POINT(-43.3350393 -21.7613313)
315,210,POINT(-43.2931238 -21.7737262),POINT(-43.2931238 -21.7737262)
315,212,POINT(-43.312442 -21.772867),POINT(-43.3120166 -21.7727709)
315,213,POINT(-43.3385924 -21.7427921),POINT(-43.3385924 -21.7427921)
315,214,POINT(-43.32681 -21.76637),POINT(-43.32681 -21.76637)
315,215,POINT(-43.3487217 -21.747455),POINT(-43.3487217 -21.747455)
315,22,POINT(-43.3350393 -21.7613313),POINT(-43.3350393 -21.7613313)
315,23,POINT(-43.3350393 -21.7613313),POINT(-43.3350393 -21.7613313)
315,232,POINT(-43.344086 -21.7377845),POINT(-43.344086 -21.7377845)
315,233,POINT(-43.3278077 -21.7701699),POINT(-43.3278077 -21.7701699)
315,234,POINT(-43.2931238 -21.7737262),POINT(-43.2931238 -21.7737262)
315,235,POINT(-43.3443617 -21.7508901),POINT(-43.3443617 -21.7508901)
315,236,POINT(-43.3277687 -21.7346122),POINT(-43.3277687 -21.7346122)
315,237,POINT(-43.3008091 -21.7952716),POINT(-43.3008091 -21.7952716)
315,238,POINT(-43.312442 -21.772867),POINT(-43.3120166 -21.7727709)
315,239,POINT(-43.3277687 -21.7346122),POINT(-43.3277687 -21.7346122)
315,240,POINT(-43.3301543 -21.7624941),POINT(-43.3301543 -21.7624941)
315,241,POINT(-43.3395234 -21.7528406),POINT(-43.3395234 -21.7528406)
315,242,POINT(-43.325876 -21.749732),POINT(-43.325876 -21.749732)
315,243,POINT(-43.3368887 -21.7578844),POINT(-43.3368887 -21.7578844)
315,244,POINT(-43.3457065 -21.7386813),POINT(-43.3457065 -21.7386813)
315,245,POINT(-43.3006754 -21.7893116),POINT(-43.3006754 -21.7893116)
315,246,POINT(-43.312442 -21.772867),POINT(-43.3120166 -21.7727709)
315,247,POINT(-43.3350393 -21.7613313),POINT(-43.3350393 -21.7613313)
315,248,POINT(-43.3498968 -21.7456901),POINT(-43.3498968 -21.7456901)
315,249,POINT(-43.3269398 -21.7327938),POINT(-43.3269398 -21.7327938)
315,250,POINT(-43.3404232 -21.7311669),POINT(-43.3404232 -21.7311669)
315,251,POINT(-43.3404232 -21.7311669),POINT(-43.3404232 -21.7311669)
315,252,POINT(-43.3404232 -21.7311669),POINT(-43.3404232 -21.7311669)
315,254,POINT(-43.3404232 -21.7311669),POINT(-43.3404232 -21.7311669)
315,255, , 
315,256, , 
315,257, , 
315,258, , 
315,259, , 
315,26,POINT(-43.344118 -21.7439335),POINT(-43.344118 -21.7439335)
315,260, , 
315,261, , 
315,262, , 
315,263, , 
315,264, , 
315,265,POINT(-43.3486819 -21.7404383),POINT(-43.3485663 -21.7404203)
315,266,POINT(-43.3486819 -21.7404383),POINT(-43.3485663 -21.7404203)
315,267,POINT(-43.3486819 -21.7404383),POINT(-43.3485663 -21.7404203)
315,268,POINT(-43.3453022 -21.7340456),POINT(-43.3453022 -21.7340456)
315,269,POINT(-43.3453022 -21.7340456),POINT(-43.3453022 -21.7340456)
315,27,POINT(-43.344118 -21.7439335),POINT(-43.344118 -21.7439335)
315,270,POINT(-43.349374 -21.731413),POINT(-43.349374 -21.731413)
315,271,POINT(-43.349374 -21.731413),POINT(-43.349374 -21.731413)
315,272,POINT(-43.349374 -21.731413),POINT(-43.349374 -21.731413)
315,273,POINT(-43.349374 -21.731413),POINT(-43.349374 -21.731413)
315,274,POINT(-43.349374 -21.731413),POINT(-43.349374 -21.731413)
315,275,POINT(-43.350122 -21.737513),POINT(-43.350122 -21.737513)
315,276,POINT(-43.350122 -21.737513),POINT(-43.350122 -21.737513)
315,277,POINT(-43.3361854 -21.7307031),POINT(-43.3361854 -21.7307031)
315,278,POINT(-43.3361854 -21.7307031),POINT(-43.3361854 -21.7307031)
315,279,POINT(-43.3361854 -21.7307031),POINT(-43.3361854 -21.7307031)
315,28,POINT(-43.3407785 -21.7452987),POINT(-43.3407785 -21.7452987)
315,280,POINT(-43.3361854 -21.7307031),POINT(-43.3361854 -21.7307031)
315,281,POINT(-43.3361854 -21.7307031),POINT(-43.3361854 -21.7307031)
315,282,POINT(-43.3443809 -21.7534804),POINT(-43.3443809 -21.7534804)
315,283,POINT(-43.3443809 -21.7534804),POINT(-43.3443809 -21.7534804)
315,284,POINT(-43.3443809 -21.7534804),POINT(-43.3443809 -21.7534804)
315,285,POINT(-43.3443809 -21.7534804),POINT(-43.3443809 -21.7534804)
315,286,POINT(-43.3443809 -21.7534804),POINT(-43.3443809 -21.7534804)
315,287,POINT(-43.3443809 -21.7534804),POINT(-43.3443809 -21.7534804)
315,288,POINT(-43.3443809 -21.7534804),POINT(-43.3443809 -21.7534804)
315,289,POINT(-43.3443809 -21.7534804),POINT(-43.3443809 -21.7534804)
315,29,POINT(-43.3407785 -21.7452987),POINT(-43.3407785 -21.7452987)
315,290,POINT(-43.3438878 -21.7844533),POINT(-43.18689 -21.83138)
315,292,POINT(-43.341746 -21.724065),POINT(-43.341746 -21.724065)
315,293,POINT(-43.341746 -21.724065),POINT(-43.341746 -21.724065)
315,294,POINT(-43.3528107 -21.7449144),POINT(-43.3528107 -21.7449144)
315,295,POINT(-43.3528107 -21.7449144),POINT(-43.3528107 -21.7449144)
315,296,POINT(-43.3528107 -21.7449144),POINT(-43.3528107 -21.7449144)
315,297,POINT(-43.3528107 -21.7449144),POINT(-43.3528107 -21.7449144)
315,298,POINT(-43.3528107 -21.7449144),POINT(-43.3528107 -21.7449144)
315,299,POINT(-43.349374 -21.731413),POINT(-43.349374 -21.731413)
315,3,POINT(-43.3368887 -21.7578844),POINT(-43.3368887 -21.7578844)
315,30,POINT(-43.3407785 -21.7452987),POINT(-43.3407785 -21.7452987)
315,300,POINT(-43.349374 -21.731413),POINT(-43.349374 -21.731413)
315,301,POINT(-43.349374 -21.731413),POINT(-43.349374 -21.731413)
315,302,POINT(-43.349374 -21.731413),POINT(-43.349374 -21.731413)
315,303,POINT(-43.349374 -21.731413),POINT(-43.349374 -21.731413)
315,304,POINT(-43.351956 -21.742019),POINT(-43.351956 -21.742019)
315,305,POINT(-43.351956 -21.742019),POINT(-43.351956 -21.742019)
315,306,POINT(-43.351956 -21.742019),POINT(-43.351956 -21.742019)
315,307,POINT(-43.351956 -21.742019),POINT(-43.351956 -21.742019)
315,308,POINT(-43.351956 -21.742019),POINT(-43.351956 -21.742019)
315,309,POINT(-43.345026 -21.750569),POINT(-43.345026 -21.750569)
315,31,POINT(-43.3407785 -21.7452987),POINT(-43.3407785 -21.7452987)
315,310,POINT(-43.345026 -21.750569),POINT(-43.345026 -21.750569)
315,311,POINT(-43.345026 -21.750569),POINT(-43.345026 -21.750569)
315,312,POINT(-43.345026 -21.750569),POINT(-43.345026 -21.750569)
315,313,POINT(-43.345026 -21.750569),POINT(-43.345026 -21.750569)
315,314,POINT(-43.3533265 -21.7424819),POINT(-43.3533265 -21.7424819)
315,315,POINT(-43.3533265 -21.7424819),POINT(-43.3533265 -21.7424819)
315,316,POINT(-43.3533265 -21.7424819),POINT(-43.3533265 -21.7424819)
315,317,POINT(-43.3533265 -21.7424819),POINT(-43.3533265 -21.7424819)
315,318,POINT(-43.3533265 -21.7424819),POINT(-43.3533265 -21.7424819)
315,319,POINT(-43.3533265 -21.7424819),POINT(-43.3533265 -21.7424819)
315,32,POINT(-43.3407785 -21.7452987),POINT(-43.3407785 -21.7452987)
315,320,POINT(-43.3533265 -21.7424819),POINT(-43.3533265 -21.7424819)
315,321,POINT(-43.3533265 -21.7424819),POINT(-43.3533265 -21.7424819)
315,322,POINT(-43.3533265 -21.7424819),POINT(-43.3533265 -21.7424819)
315,323,POINT(-43.3533265 -21.7424819),POINT(-43.3533265 -21.7424819)
315,324,POINT(-43.3533265 -21.7424819),POINT(-43.3533265 -21.7424819)
315,325,POINT(-43.3493046 -21.7318439),POINT(-43.3493046 -21.7318439)
315,326,POINT(-43.3493046 -21.7318439),POINT(-43.3493046 -21.7318439)
315,327,POINT(-43.3493046 -21.7318439),POINT(-43.3493046 -21.7318439)
315,328,POINT(-43.3493046 -21.7318439),POINT(-43.3493046 -21.7318439)
315,329,POINT(-43.3493046 -21.7318439),POINT(-43.3493046 -21.7318439)
315,33,POINT(-43.3407785 -21.7452987),POINT(-43.3407785 -21.7452987)
315,330,POINT(-43.3493046 -21.7318439),POINT(-43.3493046 -21.7318439)
315,331,POINT(-43.3493046 -21.7318439),POINT(-43.3493046 -21.7318439)
315,332,POINT(-43.3493046 -21.7318439),POINT(-43.3493046 -21.7318439)
315,333,POINT(-43.3493046 -21.7318439),POINT(-43.3493046 -21.7318439)
315,334,POINT(-43.3493046 -21.7318439),POINT(-43.3493046 -21.7318439)
315,335,POINT(-43.3493046 -21.7318439),POINT(-43.3493046 -21.7318439)
315,336,POINT(-43.3493046 -21.7318439),POINT(-43.3493046 -21.7318439)
315,337, , 
315,338, , 
315,339,POINT(-43.3457349 -21.7292053),POINT(-43.3457349 -21.7292053)
315,34,POINT(-43.3407785 -21.7452987),POINT(-43.3407785 -21.7452987)
315,340,POINT(-43.3457349 -21.7292053),POINT(-43.3457349 -21.7292053)
315,341,POINT(-43.3457349 -21.7292053),POINT(-43.3457349 -21.7292053)
315,342,POINT(-43.3457349 -21.7292053),POINT(-43.3457349 -21.7292053)
315,343,POINT(-43.3457349 -21.7292053),POINT(-43.3457349 -21.7292053)
315,344,POINT(-43.3455339 -21.7897168),POINT(-43.3455339 -21.7897168)
315,345,POINT(-43.3453022 -21.7340456),POINT(-43.3453022 -21.7340456)
315,346,POINT(-43.3385924 -21.7427921),POINT(-43.3385924 -21.7427921)
315,347,POINT(-43.3404232 -21.7311669),POINT(-43.3404232 -21.7311669)
315,348,POINT(-43.3498968 -21.7456901),POINT(-43.3498968 -21.7456901)
315,349,POINT(-43.3350393 -21.7613313),POINT(-43.3350393 -21.7613313)
315,35,POINT(-43.3407785 -21.7452987),POINT(-43.3407785 -21.7452987)
315,350,POINT(-43.3395234 -21.7528406),POINT(-43.3395234 -21.7528406)
315,351,POINT(-43.3278077 -21.7701699),POINT(-43.3278077 -21.7701699)
315,352,POINT(-43.3457065 -21.7386813),POINT(-43.3457065 -21.7386813)
315,353,POINT(-43.3457349 -21.7292053),POINT(-43.3457349 -21.7292053)
315,354,POINT(-43.3269398 -21.7327938),POINT(-43.3269398 -21.7327938)
315,355,POINT(-43.3361854 -21.7307031),POINT(-43.3361854 -21.7307031)
315,356,POINT(-43.2931238 -21.7737262),POINT(-43.2931238 -21.7737262)
315,36,POINT(-43.3407785 -21.7452987),POINT(-43.3407785 -21.7452987)
315,37,POINT(-43.3407785 -21.7452987),POINT(-43.3407785 -21.7452987)
315,38,POINT(-43.3277687 -21.7346122),POINT(-43.3277687 -21.7346122)
315,39,POINT(-43.3277687 -21.7346122),POINT(-43.3277687 -21.7346122)
315,4,POINT(-43.3368887 -21.7578844),POINT(-43.3368887 -21.7578844)
315,40,POINT(-43.3277687 -21.7346122),POINT(-43.3277687 -21.7346122)
315,41,POINT(-43.3277687 -21.7346122),POINT(-43.3277687 -21.7346122)
315,42,POINT(-43.3277687 -21.7346122),POINT(-43.3277687 -21.7346122)
315,43, , 
315,44, , 
315,45, , 
315,46, , 
315,47, , 
315,48, , 
315,49, , 
315,5,POINT(-43.3457065 -21.7386813),POINT(-43.3457065 -21.7386813)
315,50,POINT(-43.3269398 -21.7327938),POINT(-43.3269398 -21.7327938)
315,51,POINT(-43.3269398 -21.7327938),POINT(-43.3269398 -21.7327938)
315,52,POINT(-43.3269398 -21.7327938),POINT(-43.3269398 -21.7327938)
315,53,POINT(-43.3269398 -21.7327938),POINT(-43.3269398 -21.7327938)
315,54,POINT(-43.3269398 -21.7327938),POINT(-43.3269398 -21.7327938)
315,55,POINT(-43.3269398 -21.7327938),POINT(-43.3269398 -21.7327938)
315,56,POINT(-43.3278077 -21.7701699),POINT(-43.3278077 -21.7701699)
315,57,POINT(-43.3278077 -21.7701699),POINT(-43.3278077 -21.7701699)
315,58,POINT(-43.3278077 -21.7701699),POINT(-43.3278077 -21.7701699)
315,59,POINT(-43.3278077 -21.7701699),POINT(-43.3278077 -21.7701699)
315,6,POINT(-43.3255633 -21.7517146),POINT(-43.3255633 -21.7517146)
315,60,POINT(-43.3278077 -21.7701699),POINT(-43.3278077 -21.7701699)
315,61,POINT(-43.3278077 -21.7701699),POINT(-43.3278077 -21.7701699)
315,62,POINT(-43.3278077 -21.7701699),POINT(-43.3278077 -21.7701699)
315,63,POINT(-43.3278077 -21.7701699),POINT(-43.3278077 -21.7701699)
315,64,POINT(-43.32681 -21.76637),POINT(-43.32681 -21.76637)
315,65,POINT(-43.32681 -21.76637),POINT(-43.32681 -21.76637)
315,66,POINT(-43.32681 -21.76637),POINT(-43.32681 -21.76637)
315,67,POINT(-43.32681 -21.76637),POINT(-43.32681 -21.76637)
315,68,POINT(-43.32681 -21.76637),POINT(-43.32681 -21.76637)
315,69,POINT(-43.32681 -21.76637),POINT(-43.32681 -21.76637)
315,7,POINT(-43.3301543 -21.7624941),POINT(-43.3301543 -21.7624941)
315,70,POINT(-43.32681 -21.76637),POINT(-43.32681 -21.76637)
315,71,POINT(-43.32681 -21.76637),POINT(-43.32681 -21.76637)
315,72,POINT(-43.3487217 -21.747455),POINT(-43.3487217 -21.747455)
315,73,POINT(-43.3487217 -21.747455),POINT(-43.3487217 -21.747455)
315,74,POINT(-43.349878 -21.7452167),POINT(-43.349878 -21.7452167)
315,75,POINT(-43.349878 -21.7452167),POINT(-43.349878 -21.7452167)
315,76,POINT(-43.349878 -21.7452167),POINT(-43.349878 -21.7452167)
315,77,POINT(-43.349878 -21.7452167),POINT(-43.349878 -21.7452167)
315,78,POINT(-43.349878 -21.7452167),POINT(-43.349878 -21.7452167)
315,79,POINT(-43.349878 -21.7452167),POINT(-43.349878 -21.7452167)
315,8,POINT(-43.344086 -21.7377845),POINT(-43.344086 -21.7377845)
315,80,POINT(-43.349878 -21.7452167),POINT(-43.349878 -21.7452167)
315,81,POINT(-43.349878 -21.7452167),POINT(-43.349878 -21.7452167)
315,82,POINT(-43.349878 -21.7452167),POINT(-43.349878 -21.7452167)
315,83,POINT(-43.349878 -21.7452167),POINT(-43.349878 -21.7452167)
315,84,POINT(-43.349878 -21.7452167),POINT(-43.349878 -21.7452167)
315,85,POINT(-43.3006754 -21.7893116),POINT(-43.3006754 -21.7893116)
315,86,POINT(-43.3006754 -21.7893116),POINT(-43.3006754 -21.7893116)
315,87,POINT(-43.3006754 -21.7893116),POINT(-43.3006754 -21.7893116)
315,88,POINT(-43.3006754 -21.7893116),POINT(-43.3006754 -21.7893116)
315,89,POINT(-43.3006754 -21.7893116),POINT(-43.3006754 -21.7893116)
315,9,POINT(-43.344086 -21.7377845),POINT(-43.344086 -21.7377845)
315,90,POINT(-43.2931238 -21.7737262),POINT(-43.2931238 -21.7737262)
315,91,POINT(-43.2931238 -21.7737262),POINT(-43.2931238 -21.7737262)
315,92,POINT(-43.2931238 -21.7737262),POINT(-43.2931238 -21.7737262)
315,93,POINT(-43.2931238 -21.7737262),POINT(-43.2931238 -21.7737262)
315,94,POINT(-43.2931238 -21.7737262),POINT(-43.2931238 -21.7737262)
315,95,POINT(-43.2931238 -21.7737262),POINT(-43.2931238 -21.7737262)
315,96,POINT(-43.2801748 -21.7493838),POINT(-43.2801748 -21.7493838)
315,97,POINT(-43.2801748 -21.7493838),POINT(-43.2801748 -21.7493838)
315,98,POINT(-43.2801748 -21.7493838),POINT(-43.2801748 -21.7493838)
315,99,POINT(-43.2801748 -21.7493838),POINT(-43.2801748 -21.7493838)
349,10,POINT(-43.355604 -21.800415),POINT(-43.355604 -21.800415)
349,100,POINT(-43.3494134 -21.7744873),POINT(-43.3494134 -21.7744873)
349,101,POINT(-43.3494134 -21.7744873),POINT(-43.3494134 -21.7744873)
349,102,POINT(-43.3494134 -21.7744873),POINT(-43.3494134 -21.7744873)
349,103,POINT(-43.3494134 -21.7744873),POINT(-43.3494134 -21.7744873)
349,104,POINT(-43.3494134 -21.7744873),POINT(-43.3494134 -21.7744873)
349,105,POINT(-43.3494134 -21.7744873),POINT(-43.3494134 -21.7744873)
349,106,POINT(-43.3494134 -21.7744873),POINT(-43.3494134 -21.7744873)
349,107,POINT(-43.3322483 -21.7717047),POINT(-43.3322483 -21.7717047)
349,108,POINT(-43.3322483 -21.7717047),POINT(-43.3322483 -21.7717047)
349,109,POINT(-43.3322483 -21.7717047),POINT(-43.3322483 -21.7717047)
349,11,POINT(-43.355604 -21.800415),POINT(-43.355604 -21.800415)
349,110,POINT(-43.3505816 -21.7959592),POINT(-43.3505816 -21.7959592)
349,111,POINT(-43.3505816 -21.7959592),POINT(-43.3505816 -21.7959592)
349,112,POINT(-43.3574283 -21.799979),POINT(-43.3574283 -21.799979)
349,113,POINT(-43.3574283 -21.799979),POINT(-43.3574283 -21.799979)
349,114,POINT(-43.3574283 -21.799979),POINT(-43.3574283 -21.799979)
349,115,POINT(-43.3574283 -21.799979),POINT(-43.3574283 -21.799979)
349,116,POINT(-43.3556131 -21.7945926),POINT(-43.3556131 -21.7945926)
349,117,POINT(-43.3556131 -21.7945926),POINT(-43.3556131 -21.7945926)
349,118,POINT(-43.3556131 -21.7945926),POINT(-43.3556131 -21.7945926)
349,119,POINT(-43.541003 -21.8630149),POINT(-43.541003 -21.8630149)
349,12,POINT(-43.3584268 -21.7825089),POINT(-43.3584268 -21.7825089)
349,120,POINT(-43.541003 -21.8630149),POINT(-43.541003 -21.8630149)
349,121,POINT(-43.541003 -21.8630149),POINT(-43.541003 -21.8630149)
349,122,POINT(-43.3584559 -21.80146),POINT(-43.3585173 -21.8016495)
349,123,POINT(-43.3584559 -21.80146),POINT(-43.3585173 -21.8016495)
349,124,POINT(-43.3584559 -21.80146),POINT(-43.3585173 -21.8016495)
349,125,POINT(-43.3584559 -21.80146),POINT(-43.3585173 -21.8016495)
349,126,POINT(-43.3584559 -21.80146),POINT(-43.3585173 -21.8016495)
349,127,POINT(-43.3584559 -21.80146),POINT(-43.3585173 -21.8016495)
349,128,POINT(-43.3584559 -21.80146),POINT(-43.3585173 -21.8016495)
349,129,POINT(-43.3584559 -21.80146),POINT(-43.3585173 -21.8016495)
349,13,POINT(-43.3584268 -21.7825089),POINT(-43.3584268 -21.7825089)
349,130,POINT(-43.3584559 -21.80146),POINT(-43.3585173 -21.8016495)
349,131,POINT(-43.3584559 -21.80146),POINT(-43.3585173 -21.8016495)
349,133,POINT(-43.3508415 -21.7952023),POINT(-43.3508415 -21.7952023)
349,134,POINT(-43.3508415 -21.7952023),POINT(-43.3508415 -21.7952023)
349,135,POINT(-43.3508415 -21.7952023),POINT(-43.3508415 -21.7952023)
349,136,POINT(-43.3508415 -21.7952023),POINT(-43.3508415 -21.7952023)
349,137,POINT(-43.3508415 -21.7952023),POINT(-43.3508415 -21.7952023)
349,138,POINT(-43.3508415 -21.7952023),POINT(-43.3508415 -21.7952023)
349,139,POINT(-43.3508415 -21.7952023),POINT(-43.3508415 -21.7952023)
349,14,POINT(-43.3584268 -21.7825089),POINT(-43.3584268 -21.7825089)
349,140, , 
349,141, , 
349,143, , 
349,144,POINT(-43.3309694 -21.7790147),POINT(-43.3309694 -21.7790147)
349,145,POINT(-43.3309694 -21.7790147),POINT(-43.3309694 -21.7790147)
349,146,POINT(-43.3309694 -21.7790147),POINT(-43.3309694 -21.7790147)
349,147,POINT(-43.3309694 -21.7790147),POINT(-43.3309694 -21.7790147)
349,148,POINT(-43.3309694 -21.7790147),POINT(-43.3309694 -21.7790147)
349,149,POINT(-43.3309694 -21.7790147),POINT(-43.3309694 -21.7790147)
349,15,POINT(-43.3584268 -21.7825089),POINT(-43.3584268 -21.7825089)
349,150,POINT(-43.3309694 -21.7790147),POINT(-43.3309694 -21.7790147)
349,151,POINT(-43.3309694 -21.7790147),POINT(-43.3309694 -21.7790147)
349,152,POINT(-43.3309694 -21.7790147),POINT(-43.3309694 -21.7790147)
349,153,POINT(-43.3309694 -21.7790147),POINT(-43.3309694 -21.7790147)
349,154,POINT(-43.3613534 -21.8103303),POINT(-43.3613534 -21.8103303)
349,155,POINT(-43.3613534 -21.8103303),POINT(-43.3613534 -21.8103303)
349,156,POINT(-43.3613534 -21.8103303),POINT(-43.3613534 -21.8103303)
349,157,POINT(-43.3613534 -21.8103303),POINT(-43.3613534 -21.8103303)
349,158,POINT(-43.3613534 -21.8103303),POINT(-43.3613534 -21.8103303)
349,159,POINT(-43.3613534 -21.8103303),POINT(-43.3613534 -21.8103303)
349,16,POINT(-43.3584268 -21.7825089),POINT(-43.3584268 -21.7825089)
349,160,POINT(-43.3613534 -21.8103303),POINT(-43.3613534 -21.8103303)
349,17,POINT(-43.3618068 -21.7871185),POINT(-43.3618068 -21.7871185)
349,18,POINT(-43.3469697 -21.7847842),POINT(-43.3469697 -21.7847842)
349,186, , 
349,187, , 
349,188, , 
349,189,POINT(-43.348054 -21.773908),POINT(-43.348054 -21.773908)
349,19,POINT(-43.3469697 -21.7847842),POINT(-43.3469697 -21.7847842)
349,190,POINT(-43.348054 -21.773908),POINT(-43.348054 -21.773908)
349,191,POINT(-43.348054 -21.773908),POINT(-43.348054 -21.773908)
349,192,POINT(-43.348054 -21.773908),POINT(-43.348054 -21.773908)
349,193,POINT(-43.348054 -21.773908),POINT(-43.348054 -21.773908)
349,194,POINT(-43.348054 -21.773908),POINT(-43.348054 -21.773908)
349,195,POINT(-43.348054 -21.773908),POINT(-43.348054 -21.773908)
349,196,POINT(-43.348054 -21.773908),POINT(-43.348054 -21.773908)
349,197, , 
349,198, , 
349,20,POINT(-43.3469697 -21.7847842),POINT(-43.3469697 -21.7847842)
349,21,POINT(-43.3615298 -21.7903134),POINT(-43.361316 -21.7903887)
349,215, , 
349,216, , 
349,217, , 
349,218, , 
349,219, , 
349,22,POINT(-43.3615298 -21.7903134),POINT(-43.361316 -21.7903887)
349,220, , 
349,221, , 
349,222, , 
349,223,POINT(-43.35456 -21.789438),POINT(-43.35456 -21.789438)
349,224,POINT(-43.35456 -21.789438),POINT(-43.35456 -21.789438)
349,225,POINT(-43.35456 -21.789438),POINT(-43.35456 -21.789438)
349,226,POINT(-43.35456 -21.789438),POINT(-43.35456 -21.789438)
349,227,POINT(-43.35456 -21.789438),POINT(-43.35456 -21.789438)
349,228,POINT(-43.3342355 -21.7739425),POINT(-43.3342355 -21.7739425)
349,229,POINT(-43.3342355 -21.7739425),POINT(-43.3342355 -21.7739425)
349,23,POINT(-43.3615298 -21.7903134),POINT(-43.361316 -21.7903887)
349,230,POINT(-43.3342355 -21.7739425),POINT(-43.3342355 -21.7739425)
349,231,POINT(-43.3508489 -21.77912),POINT(-43.3508489 -21.77912)
349,232, , 
349,233, , 
349,234, , 
349,235, , 
349,236, , 
349,237, , 
349,238, , 
349,239, , 
349,24,POINT(-43.3615298 -21.7903134),POINT(-43.361316 -21.7903887)
349,240, , 
349,241, , 
349,242, , 
349,243, , 
349,244,POINT(-43.3405967 -21.8056499),POINT(-43.3405967 -21.8056499)
349,245,POINT(-43.3405967 -21.8056499),POINT(-43.3405967 -21.8056499)
349,246,POINT(-43.347458 -21.771356),POINT(-43.347458 -21.771356)
349,247,POINT(-43.347458 -21.771356),POINT(-43.347458 -21.771356)
349,248,POINT(-43.347458 -21.771356),POINT(-43.347458 -21.771356)
349,249,POINT(-43.347458 -21.771356),POINT(-43.347458 -21.771356)
349,25,POINT(-43.3615298 -21.7903134),POINT(-43.361316 -21.7903887)
349,250,POINT(-43.347458 -21.771356),POINT(-43.347458 -21.771356)
349,251,POINT(-43.347458 -21.771356),POINT(-43.347458 -21.771356)
349,252,POINT(-43.347458 -21.771356),POINT(-43.347458 -21.771356)
349,253,POINT(-43.347458 -21.771356),POINT(-43.347458 -21.771356)
349,254, , 
349,255,POINT(-43.3508489 -21.77912),POINT(-43.3508489 -21.77912)
349,257,POINT(-43.3618068 -21.7871185),POINT(-43.3618068 -21.7871185)
349,26,POINT(-43.3615298 -21.7903134),POINT(-43.361316 -21.7903887)
349,265,POINT(-43.3508415 -21.7952023),POINT(-43.3508415 -21.7952023)
349,266,POINT(-43.3618068 -21.7871185),POINT(-43.3618068 -21.7871185)
349,267,POINT(-43.3342355 -21.7739425),POINT(-43.3342355 -21.7739425)
349,268, , 
349,269,POINT(-43.3405967 -21.8056499),POINT(-43.3405967 -21.8056499)
349,27,POINT(-43.3421917 -21.7779249),POINT(-43.3421917 -21.7779249)
349,270,POINT(-43.3505816 -21.7959592),POINT(-43.3505816 -21.7959592)
349,271,POINT(-43.3613534 -21.8103303),POINT(-43.3613534 -21.8103303)
349,272,POINT(-43.3505816 -21.7959592),POINT(-43.3505816 -21.7959592)
349,273,POINT(-43.3615298 -21.7903134),POINT(-43.361316 -21.7903887)
349,274,POINT(-43.3483613 -21.7966189),POINT(-43.3483613 -21.7966189)
349,275, , 
349,276, , 
349,277,POINT(-43.3469697 -21.7847842),POINT(-43.3469697 -21.7847842)
349,278, , 
349,279,POINT(-43.3556131 -21.7945926),POINT(-43.3556131 -21.7945926)
349,28,POINT(-43.3421917 -21.7779249),POINT(-43.3421917 -21.7779249)
349,280,POINT(-43.3584268 -21.7825089),POINT(-43.3584268 -21.7825089)
349,281,POINT(-43.3454448 -21.6921993),POINT(-43.3454448 -21.6921993)
349,282,POINT(-43.3454448 -21.6921993),POINT(-43.3454448 -21.6921993)
349,283,POINT(-43.3454448 -21.6921993),POINT(-43.3454448 -21.6921993)
349,284,POINT(-43.3451785 -21.7658643),POINT(-43.3451785 -21.7658643)
349,285,POINT(-43.3451785 -21.7658643),POINT(-43.3451785 -21.7658643)
349,286,POINT(-43.3451785 -21.7658643),POINT(-43.3451785 -21.7658643)
349,287,POINT(-43.3451785 -21.7658643),POINT(-43.3451785 -21.7658643)
349,288,POINT(-43.3451785 -21.7658643),POINT(-43.3451785 -21.7658643)
349,289,POINT(-43.3451785 -21.7658643),POINT(-43.3451785 -21.7658643)
349,29,POINT(-43.3421917 -21.7779249),POINT(-43.3421917 -21.7779249)
349,290,POINT(-43.3451785 -21.7658643),POINT(-43.3451785 -21.7658643)
349,291,POINT(-43.3451785 -21.7658643),POINT(-43.3451785 -21.7658643)
349,292,POINT(-43.3451785 -21.7658643),POINT(-43.3451785 -21.7658643)
349,293,POINT(-43.3451785 -21.7658643),POINT(-43.3451785 -21.7658643)
349,294,POINT(-43.3451785 -21.7658643),POINT(-43.3451785 -21.7658643)
349,295,POINT(-43.3451785 -21.7658643),POINT(-43.3451785 -21.7658643)
349,296,POINT(-43.3451785 -21.7658643),POINT(-43.3451785 -21.7658643)
349,297,POINT(-43.3451785 -21.7658643),POINT(-43.3451785 -21.7658643)
349,298,POINT(-43.3332764 -21.7631252),POINT(-43.3332764 -21.7631252)
349,299,POINT(-43.3332764 -21.7631252),POINT(-43.3332764 -21.7631252)
349,30,POINT(-43.3421917 -21.7779249),POINT(-43.3421917 -21.7779249)
349,300,POINT(-43.3332764 -21.7631252),POINT(-43.3332764 -21.7631252)
349,301,POINT(-43.3332764 -21.7631252),POINT(-43.3332764 -21.7631252)
349,302,POINT(-43.3332764 -21.7631252),POINT(-43.3332764 -21.7631252)
349,303,POINT(-43.3332764 -21.7631252),POINT(-43.3332764 -21.7631252)
349,304,POINT(-43.3332764 -21.7631252),POINT(-43.3332764 -21.7631252)
349,305,POINT(-43.3332764 -21.7631252),POINT(-43.3332764 -21.7631252)
349,306,POINT(-43.3332764 -21.7631252),POINT(-43.3332764 -21.7631252)
349,307,POINT(-43.3066127 -21.6669254),POINT(-43.3066127 -21.6669254)
349,308,POINT(-43.3066127 -21.6669254),POINT(-43.3066127 -21.6669254)
349,309,POINT(-43.3066127 -21.6669254),POINT(-43.3066127 -21.6669254)
349,31,POINT(-43.3421917 -21.7779249),POINT(-43.3421917 -21.7779249)
349,310,POINT(-43.3066127 -21.6669254),POINT(-43.3066127 -21.6669254)
349,311,POINT(-43.3066127 -21.6669254),POINT(-43.3066127 -21.6669254)
349,312,POINT(-43.3066127 -21.6669254),POINT(-43.3066127 -21.6669254)
349,313,POINT(-43.3066127 -21.6669254),POINT(-43.3066127 -21.6669254)
349,314,POINT(-43.3494489 -21.6901562),POINT(-43.3494489 -21.6901562)
349,315,POINT(-43.3494489 -21.6901562),POINT(-43.3494489 -21.6901562)
349,316,POINT(-43.3494489 -21.6901562),POINT(-43.3494489 -21.6901562)
349,317,POINT(-43.3494489 -21.6901562),POINT(-43.3494489 -21.6901562)
349,318,POINT(-43.3494489 -21.6901562),POINT(-43.3494489 -21.6901562)
349,319,POINT(-43.3494489 -21.6901562),POINT(-43.3494489 -21.6901562)
349,32,POINT(-43.3421917 -21.7779249),POINT(-43.3421917 -21.7779249)
349,320,POINT(-43.3494489 -21.6901562),POINT(-43.3494489 -21.6901562)
349,321,POINT(-43.3334752 -21.7695113),POINT(-43.3334752 -21.7695113)
349,322,POINT(-43.3334752 -21.7695113),POINT(-43.3334752 -21.7695113)
349,323,POINT(-43.3334752 -21.7695113),POINT(-43.3334752 -21.7695113)
349,324,POINT(-43.3334752 -21.7695113),POINT(-43.3334752 -21.7695113)
349,325,POINT(-43.3636321 -21.7089065),POINT(-43.3636321 -21.7089065)
349,326,POINT(-43.3636321 -21.7089065),POINT(-43.3636321 -21.7089065)
349,327,POINT(-43.3636321 -21.7089065),POINT(-43.3636321 -21.7089065)
349,328,POINT(-43.3636321 -21.7089065),POINT(-43.3636321 -21.7089065)
349,329,POINT(-43.3636321 -21.7089065),POINT(-43.3636321 -21.7089065)
349,33,POINT(-43.3421917 -21.7779249),POINT(-43.3421917 -21.7779249)
349,330,POINT(-43.3636321 -21.7089065),POINT(-43.3636321 -21.7089065)
349,331,POINT(-43.3526147 -21.71634),POINT(-43.3526147 -21.71634)
349,332,POINT(-43.3526147 -21.71634),POINT(-43.3526147 -21.71634)
349,333,POINT(-43.3526147 -21.71634),POINT(-43.3526147 -21.71634)
349,334,POINT(-43.3526147 -21.71634),POINT(-43.3526147 -21.71634)
349,335,POINT(-43.3526147 -21.71634),POINT(-43.3526147 -21.71634)
349,336,POINT(-43.3526147 -21.71634),POINT(-43.3526147 -21.71634)
349,337,POINT(-43.3526147 -21.71634),POINT(-43.3526147 -21.71634)
349,338,POINT(-43.344028 -21.762914),POINT(-43.344028 -21.762914)
349,339,POINT(-43.344028 -21.762914),POINT(-43.344028 -21.762914)
349,34,POINT(-43.3421917 -21.7779249),POINT(-43.3421917 -21.7779249)
349,340,POINT(-43.344028 -21.762914),POINT(-43.344028 -21.762914)
349,341,POINT(-43.344028 -21.762914),POINT(-43.344028 -21.762914)
349,342,POINT(-43.344028 -21.762914),POINT(-43.344028 -21.762914)
349,343,POINT(-43.344028 -21.762914),POINT(-43.344028 -21.762914)
349,344,POINT(-43.344028 -21.762914),POINT(-43.344028 -21.762914)
349,345,POINT(-43.344028 -21.762914),POINT(-43.344028 -21.762914)
349,346,POINT(-43.344028 -21.762914),POINT(-43.344028 -21.762914)
349,347,POINT(-43.344028 -21.762914),POINT(-43.344028 -21.762914)
349,348,POINT(-43.344028 -21.762914),POINT(-43.344028 -21.762914)
349,349,POINT(-43.344028 -21.762914),POINT(-43.344028 -21.762914)
349,35,POINT(-43.3421917 -21.7779249),POINT(-43.3421917 -21.7779249)
349,350,POINT(-43.344028 -21.762914),POINT(-43.344028 -21.762914)
349,351,POINT(-43.344028 -21.762914),POINT(-43.344028 -21.762914)
349,352,POINT(-43.344028 -21.762914),POINT(-43.344028 -21.762914)
349,353,POINT(-43.344028 -21.762914),POINT(-43.344028 -21.762914)
349,354,POINT(-43.344028 -21.762914),POINT(-43.344028 -21.762914)
349,355,POINT(-43.344028 -21.762914),POINT(-43.344028 -21.762914)
349,356,POINT(-43.344028 -21.762914),POINT(-43.344028 -21.762914)
349,357,POINT(-43.344028 -21.762914),POINT(-43.344028 -21.762914)
349,358,POINT(-43.344028 -21.762914),POINT(-43.344028 -21.762914)
349,359,POINT(-43.344028 -21.762914),POINT(-43.344028 -21.762914)
349,36,POINT(-43.3421917 -21.7779249),POINT(-43.3421917 -21.7779249)
349,360,POINT(-43.344028 -21.762914),POINT(-43.344028 -21.762914)
349,361,POINT(-43.344028 -21.762914),POINT(-43.344028 -21.762914)
349,362,POINT(-43.344028 -21.762914),POINT(-43.344028 -21.762914)
349,363,POINT(-43.349188 -21.691256),POINT(-43.349188 -21.691256)
349,364,POINT(-43.349188 -21.691256),POINT(-43.349188 -21.691256)
349,365,POINT(-43.349188 -21.691256),POINT(-43.349188 -21.691256)
349,366,POINT(-43.349188 -21.691256),POINT(-43.349188 -21.691256)
349,367,POINT(-43.349188 -21.691256),POINT(-43.349188 -21.691256)
349,368,POINT(-43.349188 -21.691256),POINT(-43.349188 -21.691256)
349,369,POINT(-43.349188 -21.691256),POINT(-43.349188 -21.691256)
349,37,POINT(-43.3421917 -21.7779249),POINT(-43.3421917 -21.7779249)
349,370,POINT(-43.349188 -21.691256),POINT(-43.349188 -21.691256)
349,371,POINT(-43.349188 -21.691256),POINT(-43.349188 -21.691256)
349,372,POINT(-43.349188 -21.691256),POINT(-43.349188 -21.691256)
349,373,POINT(-43.3535131 -21.6869559),POINT(-43.3535131 -21.6869559)
349,374,POINT(-43.3535131 -21.6869559),POINT(-43.3535131 -21.6869559)
349,375,POINT(-43.3535131 -21.6869559),POINT(-43.3535131 -21.6869559)
349,376,POINT(-43.3535131 -21.6869559),POINT(-43.3535131 -21.6869559)
349,377,POINT(-43.3535131 -21.6869559),POINT(-43.3535131 -21.6869559)
349,378,POINT(-43.3373464 -21.7692403),POINT(-43.3373464 -21.7692403)
349,379,POINT(-43.3373464 -21.7692403),POINT(-43.3373464 -21.7692403)
349,38,POINT(-43.3323872 -21.7776407),POINT(-43.3323872 -21.7776407)
349,380,POINT(-43.3373464 -21.7692403),POINT(-43.3373464 -21.7692403)
349,381,POINT(-43.3373464 -21.7692403),POINT(-43.3373464 -21.7692403)
349,382,POINT(-43.3373464 -21.7692403),POINT(-43.3373464 -21.7692403)
349,383,POINT(-43.3373464 -21.7692403),POINT(-43.3373464 -21.7692403)
349,384,POINT(-43.3373464 -21.7692403),POINT(-43.3373464 -21.7692403)
349,385,POINT(-43.3636321 -21.7089065),POINT(-43.3636321 -21.7089065)
349,386,POINT(-43.3405967 -21.8056499),POINT(-43.3405967 -21.8056499)
349,387,POINT(-43.3319077 -21.7902858),POINT(-43.3319077 -21.7902858)
349,388,POINT(-43.3323872 -21.7776407),POINT(-43.3323872 -21.7776407)
349,389,POINT(-43.3508489 -21.77912),POINT(-43.3508489 -21.77912)
349,39,POINT(-43.3323872 -21.7776407),POINT(-43.3323872 -21.7776407)
349,390,POINT(-43.3609448 -21.7814187),POINT(-43.3609448 -21.7814187)
349,391,POINT(-43.3535131 -21.6869559),POINT(-43.3535131 -21.6869559)
349,392,POINT(-43.3609448 -21.7814187),POINT(-43.3609448 -21.7814187)
349,393,POINT(-43.3609448 -21.7814187),POINT(-43.3609448 -21.7814187)
349,394,POINT(-43.3432489 -21.7884971),POINT(-43.3432489 -21.7884971)
349,395,POINT(-43.3405967 -21.8056499),POINT(-43.3405967 -21.8056499)
349,396,POINT(-43.3483613 -21.7966189),POINT(-43.3483613 -21.7966189)
349,397,POINT(-43.3526147 -21.71634),POINT(-43.3526147 -21.71634)
349,398,POINT(-43.3469697 -21.7847842),POINT(-43.3469697 -21.7847842)
349,399,POINT(-43.3615298 -21.7903134),POINT(-43.361316 -21.7903887)
349,40,POINT(-43.35456 -21.789438),POINT(-43.35456 -21.789438)
349,400,POINT(-43.349188 -21.691256),POINT(-43.349188 -21.691256)
349,401,POINT(-43.3636321 -21.7089065),POINT(-43.3636321 -21.7089065)
349,402,POINT(-43.3609448 -21.7814187),POINT(-43.3609448 -21.7814187)
349,403,POINT(-43.3535131 -21.6869559),POINT(-43.3535131 -21.6869559)
349,404,POINT(-43.3066127 -21.6669254),POINT(-43.3066127 -21.6669254)
349,405,POINT(-43.3405967 -21.8056499),POINT(-43.3405967 -21.8056499)
349,406,POINT(-43.3613534 -21.8103303),POINT(-43.3613534 -21.8103303)
349,407,POINT(-43.3342355 -21.7739425),POINT(-43.3342355 -21.7739425)
349,408, , 
349,409,POINT(-43.3494134 -21.7744873),POINT(-43.3494134 -21.7744873)
349,41,POINT(-43.35456 -21.789438),POINT(-43.35456 -21.789438)
349,410,POINT(-43.3505816 -21.7959592),POINT(-43.3505816 -21.7959592)
349,411,POINT(-43.3609448 -21.7814187),POINT(-43.3609448 -21.7814187)
349,412,POINT(-43.3556131 -21.7945926),POINT(-43.3556131 -21.7945926)
349,42,POINT(-43.35456 -21.789438),POINT(-43.35456 -21.789438)
349,43,POINT(-43.35456 -21.789438),POINT(-43.35456 -21.789438)
349,44,POINT(-43.35456 -21.789438),POINT(-43.35456 -21.789438)
349,45,POINT(-43.35456 -21.789438),POINT(-43.35456 -21.789438)
349,46,POINT(-43.3483613 -21.7966189),POINT(-43.3483613 -21.7966189)
349,47,POINT(-43.3483613 -21.7966189),POINT(-43.3483613 -21.7966189)
349,48,POINT(-43.3483613 -21.7966189),POINT(-43.3483613 -21.7966189)
349,49,POINT(-43.3483613 -21.7966189),POINT(-43.3483613 -21.7966189)
349,5, , 
349,50,POINT(-43.3450956 -21.7849122),POINT(-43.3450956 -21.7849122)
349,51,POINT(-43.3450956 -21.7849122),POINT(-43.3450956 -21.7849122)
349,52,POINT(-43.3450956 -21.7849122),POINT(-43.3450956 -21.7849122)
349,53,POINT(-43.3450956 -21.7849122),POINT(-43.3450956 -21.7849122)
349,54,POINT(-43.3450956 -21.7849122),POINT(-43.3450956 -21.7849122)
349,55,POINT(-43.3450956 -21.7849122),POINT(-43.3450956 -21.7849122)
349,56,POINT(-43.3450956 -21.7849122),POINT(-43.3450956 -21.7849122)
349,57,POINT(-43.3450956 -21.7849122),POINT(-43.3450956 -21.7849122)
349,58,POINT(-43.3450956 -21.7849122),POINT(-43.3450956 -21.7849122)
349,59,POINT(-43.3450956 -21.7849122),POINT(-43.3450956 -21.7849122)
349,6, , 
349,60,POINT(-43.3450956 -21.7849122),POINT(-43.3450956 -21.7849122)
349,61,POINT(-43.4903381 -21.7699883),POINT(-43.4903381 -21.7699883)
349,62,POINT(-43.4903381 -21.7699883),POINT(-43.4903381 -21.7699883)
349,63,POINT(-43.4903381 -21.7699883),POINT(-43.4903381 -21.7699883)
349,64,POINT(-43.4903381 -21.7699883),POINT(-43.4903381 -21.7699883)
349,65,POINT(-43.4903381 -21.7699883),POINT(-43.4903381 -21.7699883)
349,66,POINT(-43.34733 -21.77099),POINT(-43.34733 -21.77099)
349,67,POINT(-43.34733 -21.77099),POINT(-43.34733 -21.77099)
349,68,POINT(-43.34733 -21.77099),POINT(-43.34733 -21.77099)
349,69,POINT(-43.34733 -21.77099),POINT(-43.34733 -21.77099)
349,7,POINT(-43.355604 -21.800415),POINT(-43.355604 -21.800415)
349,70,POINT(-43.34733 -21.77099),POINT(-43.34733 -21.77099)
349,71,POINT(-43.34733 -21.77099),POINT(-43.34733 -21.77099)
349,72,POINT(-43.34733 -21.77099),POINT(-43.34733 -21.77099)
349,8,POINT(-43.355604 -21.800415),POINT(-43.355604 -21.800415)
349,80,POINT(-43.3432489 -21.7884971),POINT(-43.3432489 -21.7884971)
349,81,POINT(-43.3432489 -21.7884971),POINT(-43.3432489 -21.7884971)
349,82,POINT(-43.3432489 -21.7884971),POINT(-43.3432489 -21.7884971)
349,83,POINT(-43.3432489 -21.7884971),POINT(-43.3432489 -21.7884971)
349,84,POINT(-43.3432489 -21.7884971),POINT(-43.3432489 -21.7884971)
349,85,POINT(-43.3432489 -21.7884971),POINT(-43.3432489 -21.7884971)
349,86,POINT(-43.3432489 -21.7884971),POINT(-43.3432489 -21.7884971)
349,87,POINT(-43.3432489 -21.7884971),POINT(-43.3432489 -21.7884971)
349,88,POINT(-43.3432489 -21.7884971),POINT(-43.3432489 -21.7884971)
349,89,POINT(-43.3432489 -21.7884971),POINT(-43.3432489 -21.7884971)
349,9,POINT(-43.355604 -21.800415),POINT(-43.355604 -21.800415)
349,90,POINT(-43.3432489 -21.7884971),POINT(-43.3432489 -21.7884971)
349,91,POINT(-43.3323171 -21.7717564),POINT(-43.3323171 -21.7717564)
349,92,POINT(-43.3323171 -21.7717564),POINT(-43.3323171 -21.7717564)
349,93,POINT(-43.3323171 -21.7717564),POINT(-43.3323171 -21.7717564)
349,94,POINT(-43.3323171 -21.7717564),POINT(-43.3323171 -21.7717564)
349,95,POINT(-43.3323171 -21.7717564),POINT(-43.3323171 -21.7717564)
349,96,POINT(-43.3323171 -21.7717564),POINT(-43.3323171 -21.7717564)
349,97,POINT(-43.3323171 -21.7717564),POINT(-43.3323171 -21.7717564)
349,98,POINT(-43.3323171 -21.7717564),POINT(-43.3323171 -21.7717564)
349,99,POINT(-43.3494134 -21.7744873),POINT(-43.3494134 -21.7744873)
