zona,secao,melhor_urbano,melhor_rural,tse_distribuido,google
152,1,POINT(-43.347193 -21.7654826),POINT(-43.347193 -21.7654826), , 
152,11,POINT(-43.347193 -21.7654826),POINT(-43.347193 -21.7654826), , 
152,12,POINT(-43.347193 -21.7654826),POINT(-43.347193 -21.7654826), , 
152,121,POINT(-43.3509812 -21.7719805),POINT(-43.3509812 -21.7719805), ,POINT(-43.3509812 -21.7719805)
152,122,POINT(-43.3509812 -21.7719805),POINT(-43.3509812 -21.7719805), ,POINT(-43.3509812 -21.7719805)
152,123,POINT(-43.350413 -21.768268),POINT(-43.3514467 -21.7681983), ,POINT(-43.350413 -21.768268)
152,124,POINT(-43.350413 -21.768268),POINT(-43.3514467 -21.7681983), ,POINT(-43.350413 -21.768268)
152,125,POINT(-43.350413 -21.768268),POINT(-43.3514467 -21.7681983), ,POINT(-43.350413 -21.768268)
152,126,POINT(-43.350413 -21.768268),POINT(-43.3514467 -21.7681983), ,POINT(-43.350413 -21.768268)
152,127,POINT(-43.350413 -21.768268),POINT(-43.3514467 -21.7681983), ,POINT(-43.350413 -21.768268)
152,128,POINT(-43.3535988 -21.7744565),POINT(-43.3535988 -21.7744565), ,POINT(-43.3535988 -21.7744565)
152,129,POINT(-43.3535988 -21.7744565),POINT(-43.3535988 -21.7744565), ,POINT(-43.3535988 -21.7744565)
152,13,POINT(-43.347193 -21.7654826),POINT(-43.347193 -21.7654826), , 
152,130,POINT(-43.3535988 -21.7744565),POINT(-43.3535988 -21.7744565), ,POINT(-43.3535988 -21.7744565)
152,131,POINT(-43.3535988 -21.7744565),POINT(-43.3535988 -21.7744565), ,POINT(-43.3535988 -21.7744565)
152,132,POINT(-43.3535988 -21.7744565),POINT(-43.3535988 -21.7744565), ,POINT(-43.3535988 -21.7744565)
152,133,POINT(-43.3509812 -21.7719805),POINT(-43.3509812 -21.7719805), ,POINT(-43.3509812 -21.7719805)
152,134,POINT(-43.350413 -21.768268),POINT(-43.3514467 -21.7681983), ,POINT(-43.350413 -21.768268)
152,135,POINT(-43.350413 -21.768268),POINT(-43.3514467 -21.7681983), ,POINT(-43.350413 -21.768268)
152,136,POINT(-43.350413 -21.768268),POINT(-43.3514467 -21.7681983), ,POINT(-43.350413 -21.768268)
152,137,POINT(-43.3544952 -21.7747755),POINT(-43.3544952 -21.7747755), , 
152,138,POINT(-43.3544952 -21.7747755),POINT(-43.3544952 -21.7747755), , 
152,139,POINT(-43.3544952 -21.7747755),POINT(-43.3544952 -21.7747755), , 
152,140,POINT(-43.3544952 -21.7747755),POINT(-43.3544952 -21.7747755), , 
152,141,POINT(-43.3544952 -21.7747755),POINT(-43.3544952 -21.7747755), , 
152,142,POINT(-43.350413 -21.768268),POINT(-43.3514467 -21.7681983), ,POINT(-43.350413 -21.768268)
152,143,POINT(-43.350413 -21.768268),POINT(-43.3514467 -21.7681983), ,POINT(-43.350413 -21.768268)
152,144,POINT(-43.350413 -21.768268),POINT(-43.3514467 -21.7681983), ,POINT(-43.350413 -21.768268)
152,145,POINT(-43.350413 -21.768268),POINT(-43.3514467 -21.7681983), ,POINT(-43.350413 -21.768268)
152,146,POINT(-43.3544952 -21.7747755),POINT(-43.3544952 -21.7747755), , 
152,147,POINT(-43.3544952 -21.7747755),POINT(-43.3544952 -21.7747755), , 
152,148,POINT(-43.3544952 -21.7747755),POINT(-43.3544952 -21.7747755), , 
152,149,POINT(-43.3544952 -21.7747755),POINT(-43.3544952 -21.7747755), , 
152,150,POINT(-43.3544952 -21.7747755),POINT(-43.3544952 -21.7747755), , 
152,151,POINT(-43.3544952 -21.7747755),POINT(-43.3544952 -21.7747755), , 
152,152,POINT(-43.3544952 -21.7747755),POINT(-43.3544952 -21.7747755), , 
152,153,POINT(-43.3544952 -21.7747755),POINT(-43.3544952 -21.7747755), , 
152,154,POINT(-43.3544952 -21.7747755),POINT(-43.3544952 -21.7747755), , 
152,155,POINT(-43.3544952 -21.7747755),POINT(-43.3544952 -21.7747755), , 
152,156,POINT(-43.3544952 -21.7747755),POINT(-43.3544952 -21.7747755), , 
152,167,POINT(-43.355953 -21.768228),POINT(-43.355953 -21.768228), ,POINT(-43.355953 -21.768228)
152,168,POINT(-43.355953 -21.768228),POINT(-43.355953 -21.768228), ,POINT(-43.355953 -21.768228)
152,169,POINT(-43.355953 -21.768228),POINT(-43.355953 -21.768228), ,POINT(-43.355953 -21.768228)
152,170,POINT(-43.355953 -21.768228),POINT(-43.355953 -21.768228), ,POINT(-43.355953 -21.768228)
152,171,POINT(-43.352498 -21.7621496),POINT(-43.352498 -21.7621496), ,POINT(-43.352498 -21.7621496)
152,172,POINT(-43.352498 -21.7621496),POINT(-43.352498 -21.7621496), ,POINT(-43.352498 -21.7621496)
152,18,POINT(-43.3492852 -21.764553),POINT(-43.3492852 -21.764553), ,POINT(-43.3492852 -21.764553)
152,19,POINT(-43.350982 -21.7635925),POINT(-43.350982 -21.7635925), ,POINT(-43.350982 -21.7635925)
152,2,POINT(-43.350982 -21.7635925),POINT(-43.350982 -21.7635925), ,POINT(-43.350982 -21.7635925)
152,21,POINT(-43.350982 -21.7635925),POINT(-43.350982 -21.7635925), ,POINT(-43.350982 -21.7635925)
152,215,POINT(-43.3895335 -21.7899894),POINT(-43.3895335 -21.7899894), , 
152,216,POINT(-43.3895335 -21.7899894),POINT(-43.3895335 -21.7899894), , 
152,248,POINT(-43.350982 -21.7635925),POINT(-43.350982 -21.7635925), ,POINT(-43.350982 -21.7635925)
152,25,POINT(-43.3492852 -21.764553),POINT(-43.3492852 -21.764553), ,POINT(-43.3492852 -21.764553)
152,250,POINT(-43.3622454 -21.7778547),POINT(-43.3622454 -21.7778547), ,POINT(-43.3622454 -21.7778547)
152,257,POINT(-43.350413 -21.768268),POINT(-43.3514467 -21.7681983), ,POINT(-43.350413 -21.768268)
152,26,POINT(-43.3492852 -21.764553),POINT(-43.3492852 -21.764553), ,POINT(-43.3492852 -21.764553)
152,261,POINT(-43.3509812 -21.7719805),POINT(-43.3509812 -21.7719805), ,POINT(-43.3509812 -21.7719805)
152,263,POINT(-43.3622454 -21.7778547),POINT(-43.3622454 -21.7778547), ,POINT(-43.3622454 -21.7778547)
152,27,POINT(-43.3492852 -21.764553),POINT(-43.3492852 -21.764553), ,POINT(-43.3492852 -21.764553)
152,270,POINT(-43.352498 -21.7621496),POINT(-43.352498 -21.7621496), ,POINT(-43.352498 -21.7621496)
152,271,POINT(-43.3544952 -21.7747755),POINT(-43.3544952 -21.7747755), , 
152,272,POINT(-43.350982 -21.7635925),POINT(-43.350982 -21.7635925), ,POINT(-43.350982 -21.7635925)
152,28,POINT(-43.3492852 -21.764553),POINT(-43.3492852 -21.764553), ,POINT(-43.3492852 -21.764553)
152,281,POINT(-43.350413 -21.768268),POINT(-43.3514467 -21.7681983), ,POINT(-43.350413 -21.768268)
152,286,POINT(-43.3509812 -21.7719805),POINT(-43.3509812 -21.7719805), ,POINT(-43.3509812 -21.7719805)
152,289,POINT(-43.350413 -21.768268),POINT(-43.3514467 -21.7681983), ,POINT(-43.350413 -21.768268)
152,29,POINT(-43.347193 -21.7654826),POINT(-43.347193 -21.7654826), , 
152,293,POINT(-43.350413 -21.768268),POINT(-43.3514467 -21.7681983), ,POINT(-43.350413 -21.768268)
152,294,POINT(-43.355953 -21.768228),POINT(-43.355953 -21.768228), ,POINT(-43.355953 -21.768228)
152,298,POINT(-43.3622454 -21.7778547),POINT(-43.3622454 -21.7778547), ,POINT(-43.3622454 -21.7778547)
152,3,POINT(-43.350982 -21.7635925),POINT(-43.350982 -21.7635925), ,POINT(-43.350982 -21.7635925)
152,30,POINT(-43.347193 -21.7654826),POINT(-43.347193 -21.7654826), , 
152,301,POINT(-43.3544952 -21.7747755),POINT(-43.3544952 -21.7747755), , 
152,31,POINT(-43.347193 -21.7654826),POINT(-43.347193 -21.7654826), , 
152,32,POINT(-43.350982 -21.7635925),POINT(-43.350982 -21.7635925), ,POINT(-43.350982 -21.7635925)
152,321,POINT(-43.3525 -21.76505),POINT(-43.3525 -21.76505), , 
152,322,POINT(-43.355953 -21.768228),POINT(-43.355953 -21.768228), ,POINT(-43.355953 -21.768228)
152,326,POINT(-43.350413 -21.768268),POINT(-43.3514467 -21.7681983), ,POINT(-43.350413 -21.768268)
152,328,POINT(-43.347193 -21.7654826),POINT(-43.347193 -21.7654826), , 
152,33,POINT(-43.350982 -21.7635925),POINT(-43.350982 -21.7635925), ,POINT(-43.350982 -21.7635925)
152,335,POINT(-43.3622454 -21.7778547),POINT(-43.3622454 -21.7778547), ,POINT(-43.3622454 -21.7778547)
152,34,POINT(-43.350982 -21.7635925),POINT(-43.350982 -21.7635925), ,POINT(-43.350982 -21.7635925)
152,348,POINT(-43.3622454 -21.7778547),POINT(-43.3622454 -21.7778547), ,POINT(-43.3622454 -21.7778547)
152,35,POINT(-43.350982 -21.7635925),POINT(-43.350982 -21.7635925), ,POINT(-43.350982 -21.7635925)
152,351,POINT(-43.347193 -21.7654826),POINT(-43.347193 -21.7654826), , 
152,353,POINT(-43.3509812 -21.7719805),POINT(-43.3509812 -21.7719805), ,POINT(-43.3509812 -21.7719805)
152,355,POINT(-43.350413 -21.768268),POINT(-43.3514467 -21.7681983), ,POINT(-43.350413 -21.768268)
152,356,POINT(-43.3895335 -21.7899894),POINT(-43.3895335 -21.7899894), , 
152,36,POINT(-43.350982 -21.7635925),POINT(-43.350982 -21.7635925), ,POINT(-43.350982 -21.7635925)
152,368,POINT(-43.355953 -21.768228),POINT(-43.355953 -21.768228), ,POINT(-43.355953 -21.768228)
152,37,POINT(-43.350982 -21.7635925),POINT(-43.350982 -21.7635925), ,POINT(-43.350982 -21.7635925)
152,370,POINT(-43.350413 -21.768268),POINT(-43.3514467 -21.7681983), ,POINT(-43.350413 -21.768268)
152,381,POINT(-43.3509812 -21.7719805),POINT(-43.3509812 -21.7719805), ,POINT(-43.3509812 -21.7719805)
152,383,POINT(-43.3622454 -21.7778547),POINT(-43.3622454 -21.7778547), ,POINT(-43.3622454 -21.7778547)
152,39,POINT(-43.3492852 -21.764553),POINT(-43.3492852 -21.764553), ,POINT(-43.3492852 -21.764553)
152,392,POINT(-43.350267 -21.760333),POINT(-43.350267 -21.760333), ,POINT(-43.350267 -21.760333)
152,393,POINT(-43.350267 -21.760333),POINT(-43.350267 -21.760333), ,POINT(-43.350267 -21.760333)
152,395,POINT(-43.350267 -21.760333),POINT(-43.350267 -21.760333), ,POINT(-43.350267 -21.760333)
152,396,POINT(-43.3534328 -21.7606026),POINT(-43.3534328 -21.7606026), ,POINT(-43.3534328 -21.7606026)
152,397,POINT(-43.3534328 -21.7606026),POINT(-43.3534328 -21.7606026), ,POINT(-43.3534328 -21.7606026)
152,398,POINT(-43.3534328 -21.7606026),POINT(-43.3534328 -21.7606026), ,POINT(-43.3534328 -21.7606026)
152,399,POINT(-43.3534328 -21.7606026),POINT(-43.3534328 -21.7606026), ,POINT(-43.3534328 -21.7606026)
152,4,POINT(-43.350982 -21.7635925),POINT(-43.350982 -21.7635925), ,POINT(-43.350982 -21.7635925)
152,40,POINT(-43.350982 -21.7635925),POINT(-43.350982 -21.7635925), ,POINT(-43.350982 -21.7635925)
152,400,POINT(-43.3534328 -21.7606026),POINT(-43.3534328 -21.7606026), ,POINT(-43.3534328 -21.7606026)
152,401,POINT(-43.3534328 -21.7606026),POINT(-43.3534328 -21.7606026), ,POINT(-43.3534328 -21.7606026)
152,402,POINT(-43.3534328 -21.7606026),POINT(-43.3534328 -21.7606026), ,POINT(-43.3534328 -21.7606026)
152,403,POINT(-43.3534328 -21.7606026),POINT(-43.3534328 -21.7606026), ,POINT(-43.3534328 -21.7606026)
152,404,POINT(-43.3534328 -21.7606026),POINT(-43.3534328 -21.7606026), ,POINT(-43.3534328 -21.7606026)
152,405,POINT(-43.3543176 -21.7564042),POINT(-43.3543176 -21.7564042), , 
152,406,POINT(-43.3543176 -21.7564042),POINT(-43.3543176 -21.7564042), , 
152,407,POINT(-43.3543176 -21.7564042),POINT(-43.3543176 -21.7564042), , 
152,408,POINT(-43.3543176 -21.7564042),POINT(-43.3543176 -21.7564042), , 
152,409,POINT(-43.3543176 -21.7564042),POINT(-43.3543176 -21.7564042), , 
152,41,POINT(-43.347193 -21.7654826),POINT(-43.347193 -21.7654826), , 
152,410,POINT(-43.3543176 -21.7564042),POINT(-43.3543176 -21.7564042), , 
152,411,POINT(-43.3543176 -21.7564042),POINT(-43.3543176 -21.7564042), , 
152,412,POINT(-43.3543176 -21.7564042),POINT(-43.3543176 -21.7564042), , 
152,42,POINT(-43.350413 -21.768268),POINT(-43.3514467 -21.7681983), ,POINT(-43.350413 -21.768268)
152,423,POINT(-43.3472969 -21.7590752),POINT(-43.3472969 -21.7590752), ,POINT(-43.3472969 -21.7590752)
152,424,POINT(-43.3472969 -21.7590752),POINT(-43.3472969 -21.7590752), ,POINT(-43.3472969 -21.7590752)
152,425,POINT(-43.3472969 -21.7590752),POINT(-43.3472969 -21.7590752), ,POINT(-43.3472969 -21.7590752)
152,426,POINT(-43.3472969 -21.7590752),POINT(-43.3472969 -21.7590752), ,POINT(-43.3472969 -21.7590752)
152,427,POINT(-43.3472969 -21.7590752),POINT(-43.3472969 -21.7590752), ,POINT(-43.3472969 -21.7590752)
152,428,POINT(-43.3472969 -21.7590752),POINT(-43.3472969 -21.7590752), ,POINT(-43.3472969 -21.7590752)
152,429,POINT(-43.3472969 -21.7590752),POINT(-43.3472969 -21.7590752), ,POINT(-43.3472969 -21.7590752)
152,43,POINT(-43.350982 -21.7635925),POINT(-43.350982 -21.7635925), ,POINT(-43.350982 -21.7635925)
152,430,POINT(-43.3472969 -21.7590752),POINT(-43.3472969 -21.7590752), ,POINT(-43.3472969 -21.7590752)
152,437,POINT(-43.382065 -21.7579041),POINT(-43.382065 -21.7579041), , 
152,438,POINT(-43.382065 -21.7579041),POINT(-43.382065 -21.7579041), , 
152,439,POINT(-43.382065 -21.7579041),POINT(-43.382065 -21.7579041), , 
152,44,POINT(-43.352498 -21.7621496),POINT(-43.352498 -21.7621496), ,POINT(-43.352498 -21.7621496)
152,440,POINT(-43.382065 -21.7579041),POINT(-43.382065 -21.7579041), , 
152,441,POINT(-43.382065 -21.7579041),POINT(-43.382065 -21.7579041), , 
152,442,POINT(-43.382065 -21.7579041),POINT(-43.382065 -21.7579041), , 
152,443,POINT(-43.382065 -21.7579041),POINT(-43.382065 -21.7579041), , 
152,444,POINT(-43.382065 -21.7579041),POINT(-43.382065 -21.7579041), , 
152,446,POINT(-43.382065 -21.7579041),POINT(-43.382065 -21.7579041), , 
152,447,POINT(-43.382065 -21.7579041),POINT(-43.382065 -21.7579041), , 
152,448,POINT(-43.382065 -21.7579041),POINT(-43.382065 -21.7579041), , 
152,45,POINT(-43.352498 -21.7621496),POINT(-43.352498 -21.7621496), ,POINT(-43.352498 -21.7621496)
152,451,POINT(-43.3862331 -21.7718586),POINT(-43.3862331 -21.7718586), , 
152,452,POINT(-43.3862331 -21.7718586),POINT(-43.3862331 -21.7718586), , 
152,453,POINT(-43.3862331 -21.7718586),POINT(-43.3862331 -21.7718586), , 
152,454,POINT(-43.3862331 -21.7718586),POINT(-43.3862331 -21.7718586), , 
152,455,POINT(-43.3862331 -21.7718586),POINT(-43.3862331 -21.7718586), , 
152,456,POINT(-43.3862331 -21.7718586),POINT(-43.3862331 -21.7718586), , 
152,457,POINT(-43.3862331 -21.7718586),POINT(-43.3862331 -21.7718586), , 
152,458,POINT(-43.3862331 -21.7718586),POINT(-43.3862331 -21.7718586), , 
152,459,POINT(-43.3862331 -21.7718586),POINT(-43.3862331 -21.7718586), , 
152,46,POINT(-43.350413 -21.768268),POINT(-43.3514467 -21.7681983), ,POINT(-43.350413 -21.768268)
152,460,POINT(-43.3862331 -21.7718586),POINT(-43.3862331 -21.7718586), , 
152,461,POINT(-43.3862331 -21.7718586),POINT(-43.3862331 -21.7718586), , 
152,462,POINT(-43.3716998 -21.7730615),POINT(-43.3716998 -21.7730615), , 
152,463,POINT(-43.3716998 -21.7730615),POINT(-43.3716998 -21.7730615), , 
152,464,POINT(-43.3716998 -21.7730615),POINT(-43.3716998 -21.7730615), , 
152,465,POINT(-43.3716998 -21.7730615),POINT(-43.3716998 -21.7730615), , 
152,466,POINT(-43.3716998 -21.7730615),POINT(-43.3716998 -21.7730615), , 
152,467,POINT(-43.3716998 -21.7730615),POINT(-43.3716998 -21.7730615), , 
152,468,POINT(-43.3716998 -21.7730615),POINT(-43.3716998 -21.7730615), , 
152,469,POINT(-43.3716998 -21.7730615),POINT(-43.3716998 -21.7730615), , 
152,47,POINT(-43.350413 -21.768268),POINT(-43.3514467 -21.7681983), ,POINT(-43.350413 -21.768268)
152,470,POINT(-43.3716998 -21.7730615),POINT(-43.3716998 -21.7730615), , 
152,471,POINT(-43.3716998 -21.7730615),POINT(-43.3716998 -21.7730615), , 
152,472,POINT(-43.3716998 -21.7730615),POINT(-43.3716998 -21.7730615), , 
152,473,POINT(-43.3716998 -21.7730615),POINT(-43.3716998 -21.7730615), , 
152,474,POINT(-43.3716998 -21.7730615),POINT(-43.3716998 -21.7730615), , 
152,475,POINT(-43.3716998 -21.7730615),POINT(-43.3716998 -21.7730615), , 
152,476,POINT(-43.3716998 -21.7730615),POINT(-43.3716998 -21.7730615), , 
152,477,POINT(-43.3716998 -21.7730615),POINT(-43.3716998 -21.7730615), , 
152,478,POINT(-43.3716998 -21.7730615),POINT(-43.3716998 -21.7730615), , 
152,479,POINT(-43.3716998 -21.7730615),POINT(-43.3716998 -21.7730615), , 
152,48,POINT(-43.350413 -21.768268),POINT(-43.3514467 -21.7681983), ,POINT(-43.350413 -21.768268)
152,480,POINT(-43.38458 -21.78132),POINT(-43.38458 -21.78132), , 
152,481,POINT(-43.38458 -21.78132),POINT(-43.38458 -21.78132), , 
152,482,POINT(-43.38458 -21.78132),POINT(-43.38458 -21.78132), , 
152,483,POINT(-43.38458 -21.78132),POINT(-43.38458 -21.78132), , 
152,49,POINT(-43.350413 -21.768268),POINT(-43.3514467 -21.7681983), ,POINT(-43.350413 -21.768268)
152,491,POINT(-43.382065 -21.7579041),POINT(-43.382065 -21.7579041), , 
152,492,POINT(-43.382065 -21.7579041),POINT(-43.382065 -21.7579041), , 
152,5,POINT(-43.3492852 -21.764553),POINT(-43.3492852 -21.764553), ,POINT(-43.3492852 -21.764553)
152,50,POINT(-43.350982 -21.7635925),POINT(-43.350982 -21.7635925), ,POINT(-43.350982 -21.7635925)
152,51,POINT(-43.3525 -21.76505),POINT(-43.3525 -21.76505), , 
152,519,POINT(-43.3716998 -21.7730615),POINT(-43.3716998 -21.7730615), , 
152,52,POINT(-43.3525 -21.76505),POINT(-43.3525 -21.76505), , 
152,520,POINT(-43.3895335 -21.7899894),POINT(-43.3895335 -21.7899894), , 
152,521,POINT(-43.3862331 -21.7718586),POINT(-43.3862331 -21.7718586), , 
152,522,POINT(-43.352498 -21.7621496),POINT(-43.352498 -21.7621496), ,POINT(-43.352498 -21.7621496)
152,523,POINT(-43.347193 -21.7654826),POINT(-43.347193 -21.7654826), , 
152,53,POINT(-43.347193 -21.7654826),POINT(-43.347193 -21.7654826), , 
152,54,POINT(-43.347193 -21.7654826),POINT(-43.347193 -21.7654826), , 
152,544,POINT(-43.3716998 -21.7730615),POINT(-43.3716998 -21.7730615), , 
152,545,POINT(-43.3509812 -21.7719805),POINT(-43.3509812 -21.7719805), ,POINT(-43.3509812 -21.7719805)
152,55,POINT(-43.350982 -21.7635925),POINT(-43.350982 -21.7635925), ,POINT(-43.350982 -21.7635925)
152,56,POINT(-43.350982 -21.7635925),POINT(-43.350982 -21.7635925), ,POINT(-43.350982 -21.7635925)
152,57,POINT(-43.350982 -21.7635925),POINT(-43.350982 -21.7635925), ,POINT(-43.350982 -21.7635925)
152,58,POINT(-43.350982 -21.7635925),POINT(-43.350982 -21.7635925), ,POINT(-43.350982 -21.7635925)
152,59,POINT(-43.350982 -21.7635925),POINT(-43.350982 -21.7635925), ,POINT(-43.350982 -21.7635925)
152,6,POINT(-43.350982 -21.7635925),POINT(-43.350982 -21.7635925), ,POINT(-43.350982 -21.7635925)
152,60,POINT(-43.350982 -21.7635925),POINT(-43.350982 -21.7635925), ,POINT(-43.350982 -21.7635925)
152,61,POINT(-43.347193 -21.7654826),POINT(-43.347193 -21.7654826), , 
152,62,POINT(-43.350982 -21.7635925),POINT(-43.350982 -21.7635925), ,POINT(-43.350982 -21.7635925)
152,66,POINT(-43.350413 -21.768268),POINT(-43.3514467 -21.7681983), ,POINT(-43.350413 -21.768268)
152,67,POINT(-43.350982 -21.7635925),POINT(-43.350982 -21.7635925), ,POINT(-43.350982 -21.7635925)
152,68,POINT(-43.350982 -21.7635925),POINT(-43.350982 -21.7635925), ,POINT(-43.350982 -21.7635925)
152,69,POINT(-43.350982 -21.7635925),POINT(-43.350982 -21.7635925), ,POINT(-43.350982 -21.7635925)
152,7,POINT(-43.3492852 -21.764553),POINT(-43.3492852 -21.764553), ,POINT(-43.3492852 -21.764553)
152,70,POINT(-43.3492852 -21.764553),POINT(-43.3492852 -21.764553), ,POINT(-43.3492852 -21.764553)
152,71,POINT(-43.350982 -21.7635925),POINT(-43.350982 -21.7635925), ,POINT(-43.350982 -21.7635925)
152,8,POINT(-43.3492852 -21.764553),POINT(-43.3492852 -21.764553), ,POINT(-43.3492852 -21.764553)
152,9,POINT(-43.3492852 -21.764553),POINT(-43.3492852 -21.764553), ,POINT(-43.3492852 -21.764553)
153,100,POINT(-43.39527 -21.73516),POINT(-43.39527 -21.73516), , 
153,101,POINT(-43.39527 -21.73516),POINT(-43.39527 -21.73516), , 
153,102,POINT(-43.39527 -21.73516),POINT(-43.39527 -21.73516), , 
153,103,POINT(-43.3903468 -21.7322622),POINT(-43.3903468 -21.7322622), , 
153,104,POINT(-43.3903468 -21.7322622),POINT(-43.3903468 -21.7322622), , 
153,105,POINT(-43.3903468 -21.7322622),POINT(-43.3903468 -21.7322622), , 
153,106,POINT(-43.3903468 -21.7322622),POINT(-43.3903468 -21.7322622), , 
153,107,POINT(-43.3903468 -21.7322622),POINT(-43.3903468 -21.7322622), , 
153,108,POINT(-43.3903468 -21.7322622),POINT(-43.3903468 -21.7322622), , 
153,109,POINT(-43.3903468 -21.7322622),POINT(-43.3903468 -21.7322622), , 
153,110,POINT(-43.3903468 -21.7322622),POINT(-43.3903468 -21.7322622), , 
153,111,POINT(-43.3903468 -21.7322622),POINT(-43.3903468 -21.7322622), , 
153,112,POINT(-43.3936471 -21.7349294),POINT(-43.3936471 -21.7349294), ,POINT(-43.3936471 -21.7349294)
153,114,POINT(-43.3936471 -21.7349294),POINT(-43.3936471 -21.7349294), ,POINT(-43.3936471 -21.7349294)
153,115,POINT(-43.4036966 -21.7168233),POINT(-43.4036966 -21.7168233), , 
153,116,POINT(-43.4036966 -21.7168233),POINT(-43.4036966 -21.7168233), , 
153,117,POINT(-43.3954077 -21.7208092),POINT(-43.3954077 -21.7208092), , 
153,118,POINT(-43.3954077 -21.7208092),POINT(-43.3954077 -21.7208092), , 
153,119,POINT(-43.3954077 -21.7208092),POINT(-43.3954077 -21.7208092), , 
153,120,POINT(-43.3954077 -21.7208092),POINT(-43.3954077 -21.7208092), , 
153,121,POINT(-43.3954077 -21.7208092),POINT(-43.3954077 -21.7208092), , 
153,122,POINT(-43.3954077 -21.7208092),POINT(-43.3954077 -21.7208092), , 
153,123,POINT(-43.3954077 -21.7208092),POINT(-43.3954077 -21.7208092), , 
153,124,POINT(-43.3954077 -21.7208092),POINT(-43.3954077 -21.7208092), , 
153,125,POINT(-43.3954077 -21.7208092),POINT(-43.3954077 -21.7208092), , 
153,126,POINT(-43.3954077 -21.7208092),POINT(-43.3954077 -21.7208092), , 
153,132,POINT(-43.3973717 -21.7231639),POINT(-43.3973717 -21.7231639), , 
153,133,POINT(-43.3973717 -21.7231639),POINT(-43.3973717 -21.7231639), , 
153,134,POINT(-43.3973717 -21.7231639),POINT(-43.3973717 -21.7231639), , 
153,135,POINT(-43.3973717 -21.7231639),POINT(-43.3973717 -21.7231639), , 
153,136,POINT(-43.3973717 -21.7231639),POINT(-43.3973717 -21.7231639), , 
153,137,POINT(-43.3973717 -21.7231639),POINT(-43.3973717 -21.7231639), , 
153,138,POINT(-43.3973717 -21.7231639),POINT(-43.3973717 -21.7231639), , 
153,139,POINT(-43.3973717 -21.7231639),POINT(-43.3973717 -21.7231639), , 
153,140,POINT(-43.3973717 -21.7231639),POINT(-43.3973717 -21.7231639), , 
153,141,POINT(-43.38596 -21.74401),POINT(-43.38596 -21.74401), , 
153,142,POINT(-43.38596 -21.74401),POINT(-43.38596 -21.74401), , 
153,143,POINT(-43.38596 -21.74401),POINT(-43.38596 -21.74401), , 
153,144,POINT(-43.38596 -21.74401),POINT(-43.38596 -21.74401), , 
153,145,POINT(-43.38596 -21.74401),POINT(-43.38596 -21.74401), , 
153,146,POINT(-43.38596 -21.74401),POINT(-43.38596 -21.74401), , 
153,147,POINT(-43.38596 -21.74401),POINT(-43.38596 -21.74401), , 
153,148,POINT(-43.38596 -21.74401),POINT(-43.38596 -21.74401), , 
153,176,POINT(-43.420288 -21.7053644),POINT(-43.420288 -21.7053644), , 
153,177,POINT(-43.420288 -21.7053644),POINT(-43.420288 -21.7053644), , 
153,178,POINT(-43.420288 -21.7053644),POINT(-43.420288 -21.7053644), , 
153,179,POINT(-43.420288 -21.7053644),POINT(-43.420288 -21.7053644), , 
153,180,POINT(-43.420288 -21.7053644),POINT(-43.420288 -21.7053644), , 
153,181,POINT(-43.43609 -21.70392),POINT(-43.43609 -21.70392), , 
153,182,POINT(-43.43609 -21.70392),POINT(-43.43609 -21.70392), , 
153,183,POINT(-43.43609 -21.70392),POINT(-43.43609 -21.70392), , 
153,184, , , , 
153,185, , , , 
153,186, , , , 
153,187, , , , 
153,188, , , , 
153,189, , , , 
153,190, , , , 
153,191, , , , 
153,192, , , , 
153,193, , , , 
153,194, , , , 
153,195,POINT(-43.438842 -21.686303),POINT(-43.438875 -21.6860173), ,POINT(-43.438842 -21.686303)
153,196,POINT(-43.438842 -21.686303),POINT(-43.438875 -21.6860173), ,POINT(-43.438842 -21.686303)
153,197,POINT(-43.4254991 -21.7011491),POINT(-43.4254991 -21.7011491), , 
153,198,POINT(-43.4254991 -21.7011491),POINT(-43.4254991 -21.7011491), , 
153,199,POINT(-43.4254991 -21.7011491),POINT(-43.4254991 -21.7011491), , 
153,200,POINT(-43.4254991 -21.7011491),POINT(-43.4254991 -21.7011491), , 
153,201,POINT(-43.430054 -21.6957928),POINT(-43.430054 -21.6957928), , 
153,202,POINT(-43.430054 -21.6957928),POINT(-43.430054 -21.6957928), , 
153,203,POINT(-43.430054 -21.6957928),POINT(-43.430054 -21.6957928), , 
153,204,POINT(-43.430054 -21.6957928),POINT(-43.430054 -21.6957928), , 
153,205,POINT(-43.430054 -21.6957928),POINT(-43.430054 -21.6957928), , 
153,206,POINT(-43.430054 -21.6957928),POINT(-43.430054 -21.6957928), , 
153,207, , , , 
153,208, , , , 
153,209, , , , 
153,210,POINT(-43.438842 -21.686303),POINT(-43.438875 -21.6860173), ,POINT(-43.438842 -21.686303)
153,211,POINT(-43.438842 -21.686303),POINT(-43.438875 -21.6860173), ,POINT(-43.438842 -21.686303)
153,212,POINT(-43.437059 -21.685384),POINT(-43.437059 -21.685384), ,POINT(-43.437059 -21.685384)
153,213,POINT(-43.437059 -21.685384),POINT(-43.437059 -21.685384), ,POINT(-43.437059 -21.685384)
153,214,POINT(-43.437059 -21.685384),POINT(-43.437059 -21.685384), ,POINT(-43.437059 -21.685384)
153,215,POINT(-43.438842 -21.686303),POINT(-43.438875 -21.6860173), ,POINT(-43.438842 -21.686303)
153,216,POINT(-43.4848962 -21.7073081),POINT(-43.4848962 -21.7073081), , 
153,217,POINT(-43.4848962 -21.7073081),POINT(-43.4848962 -21.7073081), , 
153,218,POINT(-43.4848962 -21.7073081),POINT(-43.4848962 -21.7073081), , 
153,219, , , , 
153,220, , , , 
153,221, , , , 
153,222,POINT(-43.6028015 -21.7606119),POINT(-43.6028015 -21.7606119), , 
153,223,POINT(-43.6028015 -21.7606119),POINT(-43.6028015 -21.7606119), , 
153,224, , , , 
153,225,POINT(-43.430054 -21.6957928),POINT(-43.430054 -21.6957928), , 
153,226,POINT(-43.3973717 -21.7231639),POINT(-43.3973717 -21.7231639), , 
153,228,POINT(-43.39527 -21.73516),POINT(-43.39527 -21.73516), , 
153,233,POINT(-43.4099104 -21.7177611),POINT(-43.4099104 -21.7177611), , 
153,234,POINT(-43.4427444 -21.7074864),POINT(-43.4427444 -21.7074864), ,POINT(-43.4427444 -21.7074864)
153,236,POINT(-43.420288 -21.7053644),POINT(-43.420288 -21.7053644), , 
153,237,POINT(-43.3455339 -21.7897168),POINT(-43.3455339 -21.7897168), ,POINT(-43.3455339 -21.7897168)
153,241,POINT(-43.4060286 -21.7430455),POINT(-43.4060286 -21.7430455), , 
153,242,POINT(-43.4036966 -21.7168233),POINT(-43.4036966 -21.7168233), , 
153,245,POINT(-43.4099104 -21.7177611),POINT(-43.4099104 -21.7177611), , 
153,246,POINT(-43.4427444 -21.7074864),POINT(-43.4427444 -21.7074864), ,POINT(-43.4427444 -21.7074864)
153,248,POINT(-43.438842 -21.686303),POINT(-43.438875 -21.6860173), ,POINT(-43.438842 -21.686303)
153,249,POINT(-43.4427444 -21.7074864),POINT(-43.4427444 -21.7074864), ,POINT(-43.4427444 -21.7074864)
153,250,POINT(-43.39527 -21.73516),POINT(-43.39527 -21.73516), , 
153,252,POINT(-43.4060286 -21.7430455),POINT(-43.4060286 -21.7430455), , 
153,255,POINT(-43.4099104 -21.7177611),POINT(-43.4099104 -21.7177611), , 
153,256,POINT(-43.3961581 -21.7219148),POINT(-43.3961581 -21.7219148), ,POINT(-43.3961581 -21.7219148)
153,257,POINT(-43.420288 -21.7053644),POINT(-43.420288 -21.7053644), , 
153,258,POINT(-43.4036966 -21.7168233),POINT(-43.4036966 -21.7168233), , 
153,259,POINT(-43.420288 -21.7053644),POINT(-43.420288 -21.7053644), , 
153,261,POINT(-43.43609 -21.70392),POINT(-43.43609 -21.70392), , 
153,263,POINT(-43.4427444 -21.7074864),POINT(-43.4427444 -21.7074864), ,POINT(-43.4427444 -21.7074864)
153,264,POINT(-43.3961581 -21.7219148),POINT(-43.3961581 -21.7219148), ,POINT(-43.3961581 -21.7219148)
153,267,POINT(-43.438842 -21.686303),POINT(-43.438875 -21.6860173), ,POINT(-43.438842 -21.686303)
153,268,POINT(-43.4036966 -21.7168233),POINT(-43.4036966 -21.7168233), , 
153,270, , , , 
153,271,POINT(-43.4458975 -21.6943166),POINT(-43.4458975 -21.6943166), , 
153,274,POINT(-43.4060286 -21.7430455),POINT(-43.4060286 -21.7430455), , 
153,275,POINT(-43.4427444 -21.7074864),POINT(-43.4427444 -21.7074864), ,POINT(-43.4427444 -21.7074864)
153,276,POINT(-43.4427444 -21.7074864),POINT(-43.4427444 -21.7074864), ,POINT(-43.4427444 -21.7074864)
153,277,POINT(-43.39527 -21.73516),POINT(-43.39527 -21.73516), , 
153,280,POINT(-43.4099104 -21.7177611),POINT(-43.4099104 -21.7177611), , 
153,282,POINT(-43.420288 -21.7053644),POINT(-43.420288 -21.7053644), , 
153,285, , , , 
153,287,POINT(-43.438842 -21.686303),POINT(-43.438875 -21.6860173), ,POINT(-43.438842 -21.686303)
153,288,POINT(-43.43609 -21.70392),POINT(-43.43609 -21.70392), , 
153,289,POINT(-43.4060286 -21.7430455),POINT(-43.4060286 -21.7430455), , 
153,292,POINT(-43.4360893 -21.677547),POINT(-43.4360893 -21.677547), , 
153,296,POINT(-43.38596 -21.74401),POINT(-43.38596 -21.74401), , 
153,298,POINT(-43.3903468 -21.7322622),POINT(-43.3903468 -21.7322622), , 
153,300,POINT(-43.3936336 -21.7437871),POINT(-43.3936336 -21.7437871), , 
153,301,POINT(-43.4060286 -21.7430455),POINT(-43.4060286 -21.7430455), , 
153,302,POINT(-43.3961581 -21.7219148),POINT(-43.3961581 -21.7219148), ,POINT(-43.3961581 -21.7219148)
153,305,POINT(-43.39527 -21.73516),POINT(-43.39527 -21.73516), , 
153,306,POINT(-43.437059 -21.685384),POINT(-43.437059 -21.685384), ,POINT(-43.437059 -21.685384)
153,307, , , , 
153,308,POINT(-43.4427444 -21.7074864),POINT(-43.4427444 -21.7074864), ,POINT(-43.4427444 -21.7074864)
153,309,POINT(-43.4458975 -21.6943166),POINT(-43.4458975 -21.6943166), , 
153,310,POINT(-43.420288 -21.7053644),POINT(-43.420288 -21.7053644), , 
153,311,POINT(-43.4099104 -21.7177611),POINT(-43.4099104 -21.7177611), , 
153,313,POINT(-43.4848962 -21.7073081),POINT(-43.4848962 -21.7073081), , 
153,314, , , , 
153,319,POINT(-43.4060286 -21.7430455),POINT(-43.4060286 -21.7430455), , 
153,320,POINT(-43.4427444 -21.7074864),POINT(-43.4427444 -21.7074864), ,POINT(-43.4427444 -21.7074864)
153,321,POINT(-43.4246653 -21.7108903),POINT(-43.4246653 -21.7108903), , 
153,322,POINT(-43.4422147 -21.688347),POINT(-43.4422147 -21.688347), , 
153,323,POINT(-43.39527 -21.73516),POINT(-43.39527 -21.73516), , 
153,324,POINT(-43.43609 -21.70392),POINT(-43.43609 -21.70392), , 
153,325,POINT(-43.420288 -21.7053644),POINT(-43.420288 -21.7053644), , 
153,326, , , , 
153,329,POINT(-43.4060286 -21.7430455),POINT(-43.4060286 -21.7430455), , 
153,330,POINT(-43.39527 -21.73516),POINT(-43.39527 -21.73516), , 
153,331,POINT(-43.4099104 -21.7177611),POINT(-43.4099104 -21.7177611), , 
153,334,POINT(-43.4848962 -21.7073081),POINT(-43.4848962 -21.7073081), , 
153,335,POINT(-43.43609 -21.70392),POINT(-43.43609 -21.70392), , 
153,336, , , , 
153,337,POINT(-43.4360893 -21.677547),POINT(-43.4360893 -21.677547), , 
153,339,POINT(-43.438842 -21.686303),POINT(-43.438875 -21.6860173), ,POINT(-43.438842 -21.686303)
153,340,POINT(-43.4060286 -21.7430455),POINT(-43.4060286 -21.7430455), , 
153,341,POINT(-43.4458975 -21.6943166),POINT(-43.4458975 -21.6943166), , 
153,342,POINT(-43.4422147 -21.688347),POINT(-43.4422147 -21.688347), , 
153,343,POINT(-43.420288 -21.7053644),POINT(-43.420288 -21.7053644), , 
153,344,POINT(-43.4246653 -21.7108903),POINT(-43.4246653 -21.7108903), , 
153,345, , , , 
153,348,POINT(-43.420288 -21.7053644),POINT(-43.420288 -21.7053644), , 
153,349,POINT(-43.4427444 -21.7074864),POINT(-43.4427444 -21.7074864), ,POINT(-43.4427444 -21.7074864)
153,351,POINT(-43.4060286 -21.7430455),POINT(-43.4060286 -21.7430455), , 
153,352,POINT(-43.39527 -21.73516),POINT(-43.39527 -21.73516), , 
153,354,POINT(-43.420288 -21.7053644),POINT(-43.420288 -21.7053644), , 
153,356, , , , 
153,357,POINT(-43.43609 -21.70392),POINT(-43.43609 -21.70392), , 
153,358, , , , 
153,360,POINT(-43.4099104 -21.7177611),POINT(-43.4099104 -21.7177611), , 
153,361,POINT(-43.438842 -21.686303),POINT(-43.438875 -21.6860173), ,POINT(-43.438842 -21.686303)
153,362,POINT(-43.4060286 -21.7430455),POINT(-43.4060286 -21.7430455), , 
153,363,POINT(-43.4246653 -21.7108903),POINT(-43.4246653 -21.7108903), , 
153,364,POINT(-43.4031905 -21.7472612),POINT(-43.4031905 -21.7472612), ,POINT(-43.4031905 -21.7472612)
153,365,POINT(-43.438842 -21.686303),POINT(-43.438875 -21.6860173), ,POINT(-43.438842 -21.686303)
153,366,POINT(-43.39527 -21.73516),POINT(-43.39527 -21.73516), , 
153,367,POINT(-43.4848962 -21.7073081),POINT(-43.4848962 -21.7073081), , 
153,368, , , , 
153,369, , , , 
153,370,POINT(-43.4422147 -21.688347),POINT(-43.4422147 -21.688347), , 
153,94,POINT(-43.3936336 -21.7437871),POINT(-43.3936336 -21.7437871), , 
153,95,POINT(-43.3936336 -21.7437871),POINT(-43.3936336 -21.7437871), , 
153,96,POINT(-43.3936336 -21.7437871),POINT(-43.3936336 -21.7437871), , 
153,97,POINT(-43.3936471 -21.7349294),POINT(-43.3936471 -21.7349294), ,POINT(-43.3936471 -21.7349294)
153,98,POINT(-43.39527 -21.73516),POINT(-43.39527 -21.73516), , 
153,99,POINT(-43.39527 -21.73516),POINT(-43.39527 -21.73516), , 
154,1, , , , 
154,104,POINT(-43.351956 -21.742019),POINT(-43.351956 -21.742019), ,POINT(-43.351956 -21.742019)
154,105,POINT(-43.3533265 -21.7424819),POINT(-43.3533265 -21.7424819), , 
154,106,POINT(-43.3533265 -21.7424819),POINT(-43.3533265 -21.7424819), , 
154,107,POINT(-43.3533265 -21.7424819),POINT(-43.3533265 -21.7424819), , 
154,108,POINT(-43.3533265 -21.7424819),POINT(-43.3533265 -21.7424819), , 
154,109,POINT(-43.3533265 -21.7424819),POINT(-43.3533265 -21.7424819), , 
154,11,POINT(-43.3486819 -21.7404383),POINT(-43.3485663 -21.7404203), ,POINT(-43.3486819 -21.7404383)
154,110,POINT(-43.3533265 -21.7424819),POINT(-43.3533265 -21.7424819), , 
154,111,POINT(-43.3533265 -21.7424819),POINT(-43.3533265 -21.7424819), , 
154,112,POINT(-43.351956 -21.742019),POINT(-43.351956 -21.742019), ,POINT(-43.351956 -21.742019)
154,113,POINT(-43.351956 -21.742019),POINT(-43.351956 -21.742019), ,POINT(-43.351956 -21.742019)
154,114,POINT(-43.351956 -21.742019),POINT(-43.351956 -21.742019), ,POINT(-43.351956 -21.742019)
154,115,POINT(-43.351956 -21.742019),POINT(-43.351956 -21.742019), ,POINT(-43.351956 -21.742019)
154,116,POINT(-43.3404232 -21.7311669),POINT(-43.3404232 -21.7311669), , 
154,117,POINT(-43.3404232 -21.7311669),POINT(-43.3404232 -21.7311669), , 
154,118,POINT(-43.3404232 -21.7311669),POINT(-43.3404232 -21.7311669), , 
154,119,POINT(-43.349374 -21.731413),POINT(-43.349374 -21.731413), ,POINT(-43.349374 -21.731413)
154,12,POINT(-43.3486819 -21.7404383),POINT(-43.3485663 -21.7404203), ,POINT(-43.3486819 -21.7404383)
154,120,POINT(-43.349374 -21.731413),POINT(-43.349374 -21.731413), ,POINT(-43.349374 -21.731413)
154,121,POINT(-43.349374 -21.731413),POINT(-43.349374 -21.731413), ,POINT(-43.349374 -21.731413)
154,122,POINT(-43.349374 -21.731413),POINT(-43.349374 -21.731413), ,POINT(-43.349374 -21.731413)
154,123,POINT(-43.349374 -21.731413),POINT(-43.349374 -21.731413), ,POINT(-43.349374 -21.731413)
154,13,POINT(-43.3534293 -21.7206282),POINT(-43.3534293 -21.7206282), , 
154,137,POINT(-43.3606396 -21.7328172),POINT(-43.3606396 -21.7328172), , 
154,138,POINT(-43.3606396 -21.7328172),POINT(-43.3606396 -21.7328172), , 
154,139,POINT(-43.3606396 -21.7328172),POINT(-43.3606396 -21.7328172), , 
154,14,POINT(-43.3534293 -21.7206282),POINT(-43.3534293 -21.7206282), , 
154,140,POINT(-43.3606396 -21.7328172),POINT(-43.3606396 -21.7328172), , 
154,141,POINT(-43.3526147 -21.71634),POINT(-43.3526147 -21.71634), , 
154,142,POINT(-43.3526147 -21.71634),POINT(-43.3526147 -21.71634), , 
154,143,POINT(-43.3526147 -21.71634),POINT(-43.3526147 -21.71634), , 
154,144,POINT(-43.4874659 -21.5807695),POINT(-43.4874659 -21.5807695), , 
154,145,POINT(-43.4874659 -21.5807695),POINT(-43.4874659 -21.5807695), , 
154,146,POINT(-43.5061999 -21.5944068),POINT(-43.5061999 -21.5944068), , 
154,147,POINT(-43.455564 -21.6481366), , , 
154,148,POINT(-43.3493046 -21.7318439),POINT(-43.3493046 -21.7318439), , 
154,149,POINT(-43.3493046 -21.7318439),POINT(-43.3493046 -21.7318439), , 
154,15,POINT(-43.3534293 -21.7206282),POINT(-43.3534293 -21.7206282), , 
154,150,POINT(-43.3493046 -21.7318439),POINT(-43.3493046 -21.7318439), , 
154,151,POINT(-43.3493046 -21.7318439),POINT(-43.3493046 -21.7318439), , 
154,152,POINT(-43.3493046 -21.7318439),POINT(-43.3493046 -21.7318439), , 
154,153,POINT(-43.3493046 -21.7318439),POINT(-43.3493046 -21.7318439), , 
154,154,POINT(-43.3493046 -21.7318439),POINT(-43.3493046 -21.7318439), , 
154,155,POINT(-43.3493046 -21.7318439),POINT(-43.3493046 -21.7318439), , 
154,156,POINT(-43.3493046 -21.7318439),POINT(-43.3493046 -21.7318439), , 
154,157,POINT(-43.3493046 -21.7318439),POINT(-43.3493046 -21.7318439), , 
154,158,POINT(-43.3493046 -21.7318439),POINT(-43.3493046 -21.7318439), , 
154,159,POINT(-43.3493046 -21.7318439),POINT(-43.3493046 -21.7318439), , 
154,16,POINT(-43.3534293 -21.7206282),POINT(-43.3534293 -21.7206282), , 
154,160,POINT(-43.3457349 -21.7292053),POINT(-43.3457349 -21.7292053), , 
154,161,POINT(-43.3457349 -21.7292053),POINT(-43.3457349 -21.7292053), , 
154,162, , , , 
154,17,POINT(-43.3534293 -21.7206282),POINT(-43.3534293 -21.7206282), , 
154,18,POINT(-43.3534293 -21.7206282),POINT(-43.3534293 -21.7206282), , 
154,184,POINT(-43.3626884 -21.742374),POINT(-43.3626884 -21.742374), ,POINT(-43.3626884 -21.742374)
154,185,POINT(-43.3626884 -21.742374),POINT(-43.3626884 -21.742374), ,POINT(-43.3626884 -21.742374)
154,19,POINT(-43.3534293 -21.7206282),POINT(-43.3534293 -21.7206282), , 
154,2, , , , 
154,20,POINT(-43.3534293 -21.7206282),POINT(-43.3534293 -21.7206282), , 
154,21,POINT(-43.3534293 -21.7206282),POINT(-43.3534293 -21.7206282), , 
154,22,POINT(-43.3534293 -21.7206282),POINT(-43.3534293 -21.7206282), , 
154,23,POINT(-43.4320708 -21.6583474),POINT(-43.4320708 -21.6583474), , 
154,24,POINT(-43.4320708 -21.6583474),POINT(-43.4320708 -21.6583474), , 
154,25,POINT(-43.4320708 -21.6583474),POINT(-43.4320708 -21.6583474), , 
154,252,POINT(-43.3361854 -21.7307031),POINT(-43.3361854 -21.7307031), , 
154,254, , , , 
154,255,POINT(-43.3606396 -21.7328172),POINT(-43.3606396 -21.7328172), , 
154,257,POINT(-43.36439 -21.72934),POINT(-43.36439 -21.72934), , 
154,259,POINT(-43.3494489 -21.6901562),POINT(-43.3494489 -21.6901562), ,POINT(-43.3494489 -21.6901562)
154,26,POINT(-43.4320708 -21.6583474),POINT(-43.4320708 -21.6583474), , 
154,261,POINT(-43.3533265 -21.7424819),POINT(-43.3533265 -21.7424819), , 
154,264,POINT(-43.3361854 -21.7307031),POINT(-43.3361854 -21.7307031), , 
154,265, , , , 
154,271,POINT(-43.349374 -21.731413),POINT(-43.349374 -21.731413), ,POINT(-43.349374 -21.731413)
154,272,POINT(-43.3457349 -21.7292053),POINT(-43.3457349 -21.7292053), , 
154,274,POINT(-43.3486819 -21.7404383),POINT(-43.3485663 -21.7404203), ,POINT(-43.3486819 -21.7404383)
154,277,POINT(-43.3494489 -21.6901562),POINT(-43.3494489 -21.6901562), ,POINT(-43.3494489 -21.6901562)
154,278,POINT(-43.3533265 -21.7424819),POINT(-43.3533265 -21.7424819), , 
154,280,POINT(-43.3534293 -21.7206282),POINT(-43.3534293 -21.7206282), , 
154,287,POINT(-43.3636321 -21.7089065),POINT(-43.3636321 -21.7089065), , 
154,288,POINT(-43.3526147 -21.71634),POINT(-43.3526147 -21.71634), , 
154,289,POINT(-43.3457349 -21.7292053),POINT(-43.3457349 -21.7292053), , 
154,290,POINT(-43.3361854 -21.7307031),POINT(-43.3361854 -21.7307031), , 
154,292,POINT(-43.36439 -21.72934),POINT(-43.36439 -21.72934), , 
154,295,POINT(-43.349374 -21.731413),POINT(-43.349374 -21.731413), ,POINT(-43.349374 -21.731413)
154,296,POINT(-43.3606396 -21.7328172),POINT(-43.3606396 -21.7328172), , 
154,297,POINT(-43.3533265 -21.7424819),POINT(-43.3533265 -21.7424819), , 
154,298, , , , 
154,299,POINT(-43.455564 -21.6481366), , , 
154,3, , , , 
154,300,POINT(-43.3454448 -21.6921993),POINT(-43.3454448 -21.6921993), , 
154,301,POINT(-43.3626884 -21.742374),POINT(-43.3626884 -21.742374), ,POINT(-43.3626884 -21.742374)
154,305,POINT(-43.3494489 -21.6901562),POINT(-43.3494489 -21.6901562), ,POINT(-43.3494489 -21.6901562)
154,306,POINT(-43.3066127 -21.6669254),POINT(-43.3066127 -21.6669254), , 
154,307,POINT(-43.3066127 -21.6669254),POINT(-43.3066127 -21.6669254), , 
154,308,POINT(-43.3066127 -21.6669254),POINT(-43.3066127 -21.6669254), , 
