zona,secao,melhor_urbano,melhor_rural,tse_recente,tse_distribuido,escolas_inep,escolas_municipais,ibge_cnefe_endereco,ibge_cnefe_local,google,google_relaxado,google_centro_geometrico,ibge_povoados,ano
152,1,POINT(-43.347193 -21.7654826),POINT(-43.347193 -21.7654826), , ,POINT(-43.347193 -21.7654826), , , , , , , ,2020
152,11,POINT(-43.347193 -21.7654826),POINT(-43.347193 -21.7654826), , ,POINT(-43.347193 -21.7654826), , , , , , , ,2020
152,12,POINT(-43.347193 -21.7654826),POINT(-43.347193 -21.7654826), , ,POINT(-43.347193 -21.7654826), , , , , , , ,2020
152,121,POINT(-43.3509812 -21.7719805),POINT(-43.3509812 -21.7719805), , , , , , ,POINT(-43.3509812 -21.7719805), , , ,2020
152,122,POINT(-43.3509812 -21.7719805),POINT(-43.3509812 -21.7719805), , , , , , ,POINT(-43.3509812 -21.7719805), , , ,2020
152,123,POINT(-43.350413 -21.768268),POINT(-43.3514467 -21.7681983), , ,POINT(-43.3514467 -21.7681983), , , ,POINT(-43.350413 -21.768268), , , ,2020
152,124,POINT(-43.350413 -21.768268),POINT(-43.3514467 -21.7681983), , ,POINT(-43.3514467 -21.7681983), , , ,POINT(-43.350413 -21.768268), , , ,2020
152,125,POINT(-43.350413 -21.768268),POINT(-43.3514467 -21.7681983), , ,POINT(-43.3514467 -21.7681983), , , ,POINT(-43.350413 -21.768268), , , ,2020
152,126,POINT(-43.350413 -21.768268),POINT(-43.3514467 -21.7681983), , ,POINT(-43.3514467 -21.7681983), , , ,POINT(-43.350413 -21.768268), , , ,2020
152,127,POINT(-43.350413 -21.768268),POINT(-43.3514467 -21.7681983), , ,POINT(-43.3514467 -21.7681983), , , ,POINT(-43.350413 -21.768268), , , ,2020
152,128,POINT(-43.3535988 -21.7744565),POINT(-43.3535988 -21.7744565), , , , , , ,POINT(-43.3535988 -21.7744565), , , ,2020
152,129,POINT(-43.3535988 -21.7744565),POINT(-43.3535988 -21.7744565), , , , , , ,POINT(-43.3535988 -21.7744565), , , ,2020
152,13,POINT(-43.347193 -21.7654826),POINT(-43.347193 -21.7654826), , ,POINT(-43.347193 -21.7654826), , , , , , , ,2020
152,130,POINT(-43.3535988 -21.7744565),POINT(-43.3535988 -21.7744565), , , , , , ,POINT(-43.3535988 -21.7744565), , , ,2020
152,131,POINT(-43.3535988 -21.7744565),POINT(-43.3535988 -21.7744565), , , , , , ,POINT(-43.3535988 -21.7744565), , , ,2020
152,132,POINT(-43.3535988 -21.7744565),POINT(-43.3535988 -21.7744565), , , , , , ,POINT(-43.3535988 -21.7744565), , , ,2020
152,133,POINT(-43.3509812 -21.7719805),POINT(-43.3509812 -21.7719805), , , , , , ,POINT(-43.3509812 -21.7719805), , , ,2020
152,134,POINT(-43.350413 -21.768268),POINT(-43.3514467 -21.7681983), , ,POINT(-43.3514467 -21.7681983), , , ,POINT(-43.350413 -21.768268), , , ,2020
152,135,POINT(-43.350413 -21.768268),POINT(-43.3514467 -21.7681983), , ,POINT(-43.3514467 -21.7681983), , , ,POINT(-43.350413 -21.768268), , , ,2020
152,136,POINT(-43.350413 -21.768268),POINT(-43.3514467 -21.7681983), , ,POINT(-43.3514467 -21.7681983), , , ,POINT(-43.350413 -21.768268), , , ,2020
152,137,POINT(-43.3544952 -21.7747755),POINT(-43.3544952 -21.7747755), , ,POINT(-43.3544952 -21.7747755), , , , , , , ,2020
152,138,POINT(-43.3544952 -21.7747755),POINT(-43.3544952 -21.7747755), , ,POINT(-43.3544952 -21.7747755), , , , , , , ,2020
152,139,POINT(-43.3544952 -21.7747755),POINT(-43.3544952 -21.7747755), , ,POINT(-43.3544952 -21.7747755), , , , , , , ,2020
152,140,POINT(-43.3544952 -21.7747755),POINT(-43.3544952 -21.7747755), , ,POINT(-43.3544952 -21.7747755), , , , , , , ,2020
152,141,POINT(-43.3544952 -21.7747755),POINT(-43.3544952 -21.7747755), , ,POINT(-43.3544952 -21.7747755), , , , , , , ,2020
152,142,POINT(-43.350413 -21.768268),POINT(-43.3514467 -21.7681983), , ,POINT(-43.3514467 -21.7681983), , , ,POINT(-43.350413 -21.768268), , , ,2020
152,143,POINT(-43.350413 -21.768268),POINT(-43.3514467 -21.7681983), , ,POINT(-43.3514467 -21.7681983), , , ,POINT(-43.350413 -21.768268), , , ,2020
152,144,POINT(-43.350413 -21.768268),POINT(-43.3514467 -21.7681983), , ,POINT(-43.3514467 -21.7681983), , , ,POINT(-43.350413 -21.768268), , , ,2020
152,145,POINT(-43.350413 -21.768268),POINT(-43.3514467 -21.7681983), , ,POINT(-43.3514467 -21.7681983), , , ,POINT(-43.350413 -21.768268), , , ,2020
152,146,POINT(-43.3544952 -21.7747755),POINT(-43.3544952 -21.7747755), , ,POINT(-43.3544952 -21.7747755), , , , , , , ,2020
152,147,POINT(-43.3544952 -21.7747755),POINT(-43.3544952 -21.7747755), , ,POINT(-43.3544952 -21.7747755), , , , , , , ,2020
152,148,POINT(-43.3544952 -21.7747755),POINT(-43.3544952 -21.7747755), , ,POINT(-43.3544952 -21.7747755), , , , , , , ,2020
152,149,POINT(-43.3544952 -21.7747755),POINT(-43.3544952 -21.7747755), , ,POINT(-43.3544952 -21.7747755), , , , , , , ,2020
152,150,POINT(-43.3544952 -21.7747755),POINT(-43.3544952 -21.7747755), , ,POINT(-43.3544952 -21.7747755), , , , , , , ,2020
152,151,POINT(-43.3544952 -21.7747755),POINT(-43.3544952 -21.7747755), , ,POINT(-43.3544952 -21.7747755), , , , , , , ,2020
152,152,POINT(-43.3544952 -21.7747755),POINT(-43.3544952 -21.7747755), , ,POINT(-43.3544952 -21.7747755), , , , , , , ,2020
152,153,POINT(-43.3544952 -21.7747755),POINT(-43.3544952 -21.7747755), , ,POINT(-43.3544952 -21.7747755), , , , , , , ,2020
152,154,POINT(-43.3544952 -21.7747755),POINT(-43.3544952 -21.7747755), , ,POINT(-43.3544952 -21.7747755), , , , , , , ,2020
152,155,POINT(-43.3544952 -21.7747755),POINT(-43.3544952 -21.7747755), , ,POINT(-43.3544952 -21.7747755), , , , , , , ,2020
152,156,POINT(-43.3544952 -21.7747755),POINT(-43.3544952 -21.7747755), , ,POINT(-43.3544952 -21.7747755), , , , , , , ,2020
152,167,POINT(-43.355953 -21.768228),POINT(-43.355953 -21.768228), , , , , , ,POINT(-43.355953 -21.768228), , , ,2020
152,168,POINT(-43.355953 -21.768228),POINT(-43.355953 -21.768228), , , , , , ,POINT(-43.355953 -21.768228), , , ,2020
152,169,POINT(-43.355953 -21.768228),POINT(-43.355953 -21.768228), , , , , , ,POINT(-43.355953 -21.768228), , , ,2020
152,170,POINT(-43.355953 -21.768228),POINT(-43.355953 -21.768228), , , , , , ,POINT(-43.355953 -21.768228), , , ,2020
152,171,POINT(-43.352498 -21.7621496),POINT(-43.352498 -21.7621496), , , , , , ,POINT(-43.352498 -21.7621496), , , ,2020
152,172,POINT(-43.352498 -21.7621496),POINT(-43.352498 -21.7621496), , , , , , ,POINT(-43.352498 -21.7621496), , , ,2020
152,18,POINT(-43.3469284 -21.7632559),POINT(-43.3469284 -21.7632559), , , , , , ,POINT(-43.3469284 -21.7632559), , , ,2020
152,19,POINT(-43.350982 -21.7635925),POINT(-43.350982 -21.7635925), , , , , , ,POINT(-43.350982 -21.7635925), , , ,2020
152,2,POINT(-43.350982 -21.7635925),POINT(-43.350982 -21.7635925), , , , , , ,POINT(-43.350982 -21.7635925), , , ,2020
152,21,POINT(-43.350982 -21.7635925),POINT(-43.350982 -21.7635925), , , , , , ,POINT(-43.350982 -21.7635925), , , ,2020
152,215,POINT(-43.3895335 -21.7899894),POINT(-43.3895335 -21.7899894), , ,POINT(-43.3895335 -21.7899894), , , , , , , ,2020
152,216,POINT(-43.3895335 -21.7899894),POINT(-43.3895335 -21.7899894), , ,POINT(-43.3895335 -21.7899894), , , , , , , ,2020
152,248, , , , , , , , , , , , ,2020
152,25,POINT(-43.3469284 -21.7632559),POINT(-43.3469284 -21.7632559), , , , , , ,POINT(-43.3469284 -21.7632559), , , ,2020
152,250,POINT(-43.3622454 -21.7778547),POINT(-43.3622454 -21.7778547), , , , , , ,POINT(-43.3622454 -21.7778547), , , ,2020
152,257,POINT(-43.350413 -21.768268),POINT(-43.3514467 -21.7681983), , ,POINT(-43.3514467 -21.7681983), , , ,POINT(-43.350413 -21.768268), , , ,2020
152,26,POINT(-43.3469284 -21.7632559),POINT(-43.3469284 -21.7632559), , , , , , ,POINT(-43.3469284 -21.7632559), , , ,2020
152,261,POINT(-43.3509812 -21.7719805),POINT(-43.3509812 -21.7719805), , , , , , ,POINT(-43.3509812 -21.7719805), , , ,2020
152,263,POINT(-43.3622454 -21.7778547),POINT(-43.3622454 -21.7778547), , , , , , ,POINT(-43.3622454 -21.7778547), , , ,2020
152,27,POINT(-43.3469284 -21.7632559),POINT(-43.3469284 -21.7632559), , , , , , ,POINT(-43.3469284 -21.7632559), , , ,2020
152,270,POINT(-43.352498 -21.7621496),POINT(-43.352498 -21.7621496), , , , , , ,POINT(-43.352498 -21.7621496), , , ,2020
152,271,POINT(-43.3544952 -21.7747755),POINT(-43.3544952 -21.7747755), , ,POINT(-43.3544952 -21.7747755), , , , , , , ,2020
152,272,POINT(-43.350982 -21.7635925),POINT(-43.350982 -21.7635925), , , , , , ,POINT(-43.350982 -21.7635925), , , ,2020
152,28,POINT(-43.3469284 -21.7632559),POINT(-43.3469284 -21.7632559), , , , , , ,POINT(-43.3469284 -21.7632559), , , ,2020
152,281,POINT(-43.350413 -21.768268),POINT(-43.3514467 -21.7681983), , ,POINT(-43.3514467 -21.7681983), , , ,POINT(-43.350413 -21.768268), , , ,2020
152,286,POINT(-43.3509812 -21.7719805),POINT(-43.3509812 -21.7719805), , , , , , ,POINT(-43.3509812 -21.7719805), , , ,2020
152,289,POINT(-43.350413 -21.768268),POINT(-43.3514467 -21.7681983), , ,POINT(-43.3514467 -21.7681983), , , ,POINT(-43.350413 -21.768268), , , ,2020
152,29,POINT(-43.347193 -21.7654826),POINT(-43.347193 -21.7654826), , ,POINT(-43.347193 -21.7654826), , , , , , , ,2020
152,293,POINT(-43.350413 -21.768268),POINT(-43.3514467 -21.7681983), , ,POINT(-43.3514467 -21.7681983), , , ,POINT(-43.350413 -21.768268), , , ,2020
152,294,POINT(-43.355953 -21.768228),POINT(-43.355953 -21.768228), , , , , , ,POINT(-43.355953 -21.768228), , , ,2020
152,298,POINT(-43.3622454 -21.7778547),POINT(-43.3622454 -21.7778547), , , , , , ,POINT(-43.3622454 -21.7778547), , , ,2020
152,3,POINT(-43.350982 -21.7635925),POINT(-43.350982 -21.7635925), , , , , , ,POINT(-43.350982 -21.7635925), , , ,2020
152,30,POINT(-43.347193 -21.7654826),POINT(-43.347193 -21.7654826), , ,POINT(-43.347193 -21.7654826), , , , , , , ,2020
152,301,POINT(-43.3544952 -21.7747755),POINT(-43.3544952 -21.7747755), , ,POINT(-43.3544952 -21.7747755), , , , , , , ,2020
152,31,POINT(-43.347193 -21.7654826),POINT(-43.347193 -21.7654826), , ,POINT(-43.347193 -21.7654826), , , , , , , ,2020
152,32,POINT(-43.350982 -21.7635925),POINT(-43.350982 -21.7635925), , , , , , ,POINT(-43.350982 -21.7635925), , , ,2020
152,321,POINT(-43.3525 -21.76505),POINT(-43.3525 -21.76505), , ,POINT(-43.3525 -21.76505), , , , , , , ,2020
152,322,POINT(-43.355953 -21.768228),POINT(-43.355953 -21.768228), , , , , , ,POINT(-43.355953 -21.768228), , , ,2020
152,326,POINT(-43.350413 -21.768268),POINT(-43.3514467 -21.7681983), , ,POINT(-43.3514467 -21.7681983), , , ,POINT(-43.350413 -21.768268), , , ,2020
152,328,POINT(-43.347193 -21.7654826),POINT(-43.347193 -21.7654826), , ,POINT(-43.347193 -21.7654826), , , , , , , ,2020
152,33,POINT(-43.350982 -21.7635925),POINT(-43.350982 -21.7635925), , , , , , ,POINT(-43.350982 -21.7635925), , , ,2020
152,335,POINT(-43.3622454 -21.7778547),POINT(-43.3622454 -21.7778547), , , , , , ,POINT(-43.3622454 -21.7778547), , , ,2020
152,34,POINT(-43.350982 -21.7635925),POINT(-43.350982 -21.7635925), , , , , , ,POINT(-43.350982 -21.7635925), , , ,2020
152,348,POINT(-43.3622454 -21.7778547),POINT(-43.3622454 -21.7778547), , , , , , ,POINT(-43.3622454 -21.7778547), , , ,2020
152,35,POINT(-43.350982 -21.7635925),POINT(-43.350982 -21.7635925), , , , , , ,POINT(-43.350982 -21.7635925), , , ,2020
152,351,POINT(-43.347193 -21.7654826),POINT(-43.347193 -21.7654826), , ,POINT(-43.347193 -21.7654826), , , , , , , ,2020
152,353,POINT(-43.3509812 -21.7719805),POINT(-43.3509812 -21.7719805), , , , , , ,POINT(-43.3509812 -21.7719805), , , ,2020
152,355,POINT(-43.350413 -21.768268),POINT(-43.3514467 -21.7681983), , ,POINT(-43.3514467 -21.7681983), , , ,POINT(-43.350413 -21.768268), , , ,2020
152,356,POINT(-43.3895335 -21.7899894),POINT(-43.3895335 -21.7899894), , ,POINT(-43.3895335 -21.7899894), , , , , , , ,2020
152,36,POINT(-43.350982 -21.7635925),POINT(-43.350982 -21.7635925), , , , , , ,POINT(-43.350982 -21.7635925), , , ,2020
152,368,POINT(-43.355953 -21.768228),POINT(-43.355953 -21.768228), , , , , , ,POINT(-43.355953 -21.768228), , , ,2020
152,37, , , , , , , , , , , , ,2020
152,370,POINT(-43.350413 -21.768268),POINT(-43.3514467 -21.7681983), , ,POINT(-43.3514467 -21.7681983), , , ,POINT(-43.350413 -21.768268), , , ,2020
152,381,POINT(-43.3509812 -21.7719805),POINT(-43.3509812 -21.7719805), , , , , , ,POINT(-43.3509812 -21.7719805), , , ,2020
152,383,POINT(-43.3622454 -21.7778547),POINT(-43.3622454 -21.7778547), , , , , , ,POINT(-43.3622454 -21.7778547), , , ,2020
152,39,POINT(-43.3469284 -21.7632559),POINT(-43.3469284 -21.7632559), , , , , , ,POINT(-43.3469284 -21.7632559), , , ,2020
152,392,POINT(-43.350267 -21.760333),POINT(-43.350267 -21.760333), , , , , , ,POINT(-43.350267 -21.760333), , , ,2020
152,393,POINT(-43.350267 -21.760333),POINT(-43.350267 -21.760333), , , , , , ,POINT(-43.350267 -21.760333), , , ,2020
152,395,POINT(-43.350267 -21.760333),POINT(-43.350267 -21.760333), , , , , , ,POINT(-43.350267 -21.760333), , , ,2020
152,396,POINT(-43.3534328 -21.7606026),POINT(-43.3534328 -21.7606026), , , , , , ,POINT(-43.3534328 -21.7606026), , , ,2020
152,397,POINT(-43.3534328 -21.7606026),POINT(-43.3534328 -21.7606026), , , , , , ,POINT(-43.3534328 -21.7606026), , , ,2020
152,398,POINT(-43.3534328 -21.7606026),POINT(-43.3534328 -21.7606026), , , , , , ,POINT(-43.3534328 -21.7606026), , , ,2020
152,399,POINT(-43.3534328 -21.7606026),POINT(-43.3534328 -21.7606026), , , , , , ,POINT(-43.3534328 -21.7606026), , , ,2020
152,4,POINT(-43.350982 -21.7635925),POINT(-43.350982 -21.7635925), , , , , , ,POINT(-43.350982 -21.7635925), , , ,2020
152,40, , , , , , , , , , , , ,2020
152,400,POINT(-43.3534328 -21.7606026),POINT(-43.3534328 -21.7606026), , , , , , ,POINT(-43.3534328 -21.7606026), , , ,2020
152,401,POINT(-43.3534328 -21.7606026),POINT(-43.3534328 -21.7606026), , , , , , ,POINT(-43.3534328 -21.7606026), , , ,2020
152,402,POINT(-43.3534328 -21.7606026),POINT(-43.3534328 -21.7606026), , , , , , ,POINT(-43.3534328 -21.7606026), , , ,2020
152,403,POINT(-43.3534328 -21.7606026),POINT(-43.3534328 -21.7606026), , , , , , ,POINT(-43.3534328 -21.7606026), , , ,2020
152,404,POINT(-43.3534328 -21.7606026),POINT(-43.3534328 -21.7606026), , , , , , ,POINT(-43.3534328 -21.7606026), , , ,2020
152,405,POINT(-43.3543176 -21.7564042),POINT(-43.3543176 -21.7564042), , ,POINT(-43.3543176 -21.7564042), , , , , , , ,2020
152,406,POINT(-43.3543176 -21.7564042),POINT(-43.3543176 -21.7564042), , ,POINT(-43.3543176 -21.7564042), , , , , , , ,2020
152,407,POINT(-43.3543176 -21.7564042),POINT(-43.3543176 -21.7564042), , ,POINT(-43.3543176 -21.7564042), , , , , , , ,2020
152,408,POINT(-43.3543176 -21.7564042),POINT(-43.3543176 -21.7564042), , ,POINT(-43.3543176 -21.7564042), , , , , , , ,2020
152,409,POINT(-43.3543176 -21.7564042),POINT(-43.3543176 -21.7564042), , ,POINT(-43.3543176 -21.7564042), , , , , , , ,2020
152,41,POINT(-43.347193 -21.7654826),POINT(-43.347193 -21.7654826), , ,POINT(-43.347193 -21.7654826), , , , , , , ,2020
152,410,POINT(-43.3543176 -21.7564042),POINT(-43.3543176 -21.7564042), , ,POINT(-43.3543176 -21.7564042), , , , , , , ,2020
152,411,POINT(-43.3543176 -21.7564042),POINT(-43.3543176 -21.7564042), , ,POINT(-43.3543176 -21.7564042), , , , , , , ,2020
152,412,POINT(-43.3543176 -21.7564042),POINT(-43.3543176 -21.7564042), , ,POINT(-43.3543176 -21.7564042), , , , , , , ,2020
152,42,POINT(-43.350413 -21.768268),POINT(-43.3514467 -21.7681983), , ,POINT(-43.3514467 -21.7681983), , , ,POINT(-43.350413 -21.768268), , , ,2020
152,423,POINT(-43.3472969 -21.7590752),POINT(-43.3472969 -21.7590752), , , , , , ,POINT(-43.3472969 -21.7590752), , , ,2020
152,424,POINT(-43.3472969 -21.7590752),POINT(-43.3472969 -21.7590752), , , , , , ,POINT(-43.3472969 -21.7590752), , , ,2020
152,425,POINT(-43.3472969 -21.7590752),POINT(-43.3472969 -21.7590752), , , , , , ,POINT(-43.3472969 -21.7590752), , , ,2020
152,426,POINT(-43.3472969 -21.7590752),POINT(-43.3472969 -21.7590752), , , , , , ,POINT(-43.3472969 -21.7590752), , , ,2020
152,427,POINT(-43.3472969 -21.7590752),POINT(-43.3472969 -21.7590752), , , , , , ,POINT(-43.3472969 -21.7590752), , , ,2020
152,428,POINT(-43.3472969 -21.7590752),POINT(-43.3472969 -21.7590752), , , , , , ,POINT(-43.3472969 -21.7590752), , , ,2020
152,429,POINT(-43.3472969 -21.7590752),POINT(-43.3472969 -21.7590752), , , , , , ,POINT(-43.3472969 -21.7590752), , , ,2020
152,43,POINT(-43.350982 -21.7635925),POINT(-43.350982 -21.7635925), , , , , , ,POINT(-43.350982 -21.7635925), , , ,2020
152,430,POINT(-43.3472969 -21.7590752),POINT(-43.3472969 -21.7590752), , , , , , ,POINT(-43.3472969 -21.7590752), , , ,2020
152,437,POINT(-43.382065 -21.7579041),POINT(-43.382065 -21.7579041), , ,POINT(-43.382065 -21.7579041), , , , , , , ,2020
152,438,POINT(-43.382065 -21.7579041),POINT(-43.382065 -21.7579041), , ,POINT(-43.382065 -21.7579041), , , , , , , ,2020
152,439,POINT(-43.382065 -21.7579041),POINT(-43.382065 -21.7579041), , ,POINT(-43.382065 -21.7579041), , , , , , , ,2020
152,44,POINT(-43.352498 -21.7621496),POINT(-43.352498 -21.7621496), , , , , , ,POINT(-43.352498 -21.7621496), , , ,2020
152,440,POINT(-43.382065 -21.7579041),POINT(-43.382065 -21.7579041), , ,POINT(-43.382065 -21.7579041), , , , , , , ,2020
152,441,POINT(-43.382065 -21.7579041),POINT(-43.382065 -21.7579041), , ,POINT(-43.382065 -21.7579041), , , , , , , ,2020
152,442,POINT(-43.382065 -21.7579041),POINT(-43.382065 -21.7579041), , ,POINT(-43.382065 -21.7579041), , , , , , , ,2020
152,443,POINT(-43.382065 -21.7579041),POINT(-43.382065 -21.7579041), , ,POINT(-43.382065 -21.7579041), , , , , , , ,2020
152,444,POINT(-43.382065 -21.7579041),POINT(-43.382065 -21.7579041), , ,POINT(-43.382065 -21.7579041), , , , , , , ,2020
152,446,POINT(-43.382065 -21.7579041),POINT(-43.382065 -21.7579041), , ,POINT(-43.382065 -21.7579041), , , , , , , ,2020
152,447,POINT(-43.382065 -21.7579041),POINT(-43.382065 -21.7579041), , ,POINT(-43.382065 -21.7579041), , , , , , , ,2020
152,448,POINT(-43.382065 -21.7579041),POINT(-43.382065 -21.7579041), , ,POINT(-43.382065 -21.7579041), , , , , , , ,2020
152,45,POINT(-43.352498 -21.7621496),POINT(-43.352498 -21.7621496), , , , , , ,POINT(-43.352498 -21.7621496), , , ,2020
152,451,POINT(-43.3862331 -21.7718586),POINT(-43.3862331 -21.7718586), , ,POINT(-43.3862331 -21.7718586), , , , , , , ,2020
152,452,POINT(-43.3862331 -21.7718586),POINT(-43.3862331 -21.7718586), , ,POINT(-43.3862331 -21.7718586), , , , , , , ,2020
152,453,POINT(-43.3862331 -21.7718586),POINT(-43.3862331 -21.7718586), , ,POINT(-43.3862331 -21.7718586), , , , , , , ,2020
152,454,POINT(-43.3862331 -21.7718586),POINT(-43.3862331 -21.7718586), , ,POINT(-43.3862331 -21.7718586), , , , , , , ,2020
152,455,POINT(-43.3862331 -21.7718586),POINT(-43.3862331 -21.7718586), , ,POINT(-43.3862331 -21.7718586), , , , , , , ,2020
152,456,POINT(-43.3862331 -21.7718586),POINT(-43.3862331 -21.7718586), , ,POINT(-43.3862331 -21.7718586), , , , , , , ,2020
152,457,POINT(-43.3862331 -21.7718586),POINT(-43.3862331 -21.7718586), , ,POINT(-43.3862331 -21.7718586), , , , , , , ,2020
152,458,POINT(-43.3862331 -21.7718586),POINT(-43.3862331 -21.7718586), , ,POINT(-43.3862331 -21.7718586), , , , , , , ,2020
152,459,POINT(-43.3862331 -21.7718586),POINT(-43.3862331 -21.7718586), , ,POINT(-43.3862331 -21.7718586), , , , , , , ,2020
152,46,POINT(-43.350413 -21.768268),POINT(-43.3514467 -21.7681983), , ,POINT(-43.3514467 -21.7681983), , , ,POINT(-43.350413 -21.768268), , , ,2020
152,460,POINT(-43.3862331 -21.7718586),POINT(-43.3862331 -21.7718586), , ,POINT(-43.3862331 -21.7718586), , , , , , , ,2020
152,461,POINT(-43.3862331 -21.7718586),POINT(-43.3862331 -21.7718586), , ,POINT(-43.3862331 -21.7718586), , , , , , , ,2020
152,462,POINT(-43.3716998 -21.7730615),POINT(-43.3716998 -21.7730615), , ,POINT(-43.3716998 -21.7730615), , , , , , , ,2020
152,463,POINT(-43.3716998 -21.7730615),POINT(-43.3716998 -21.7730615), , ,POINT(-43.3716998 -21.7730615), , , , , , , ,2020
152,464,POINT(-43.3716998 -21.7730615),POINT(-43.3716998 -21.7730615), , ,POINT(-43.3716998 -21.7730615), , , , , , , ,2020
152,465,POINT(-43.3716998 -21.7730615),POINT(-43.3716998 -21.7730615), , ,POINT(-43.3716998 -21.7730615), , , , , , , ,2020
152,466,POINT(-43.3716998 -21.7730615),POINT(-43.3716998 -21.7730615), , ,POINT(-43.3716998 -21.7730615), , , , , , , ,2020
152,467,POINT(-43.3716998 -21.7730615),POINT(-43.3716998 -21.7730615), , ,POINT(-43.3716998 -21.7730615), , , , , , , ,2020
152,468,POINT(-43.3716998 -21.7730615),POINT(-43.3716998 -21.7730615), , ,POINT(-43.3716998 -21.7730615), , , , , , , ,2020
152,469,POINT(-43.3716998 -21.7730615),POINT(-43.3716998 -21.7730615), , ,POINT(-43.3716998 -21.7730615), , , , , , , ,2020
152,47,POINT(-43.350413 -21.768268),POINT(-43.3514467 -21.7681983), , ,POINT(-43.3514467 -21.7681983), , , ,POINT(-43.350413 -21.768268), , , ,2020
152,470,POINT(-43.3716998 -21.7730615),POINT(-43.3716998 -21.7730615), , ,POINT(-43.3716998 -21.7730615), , , , , , , ,2020
152,471,POINT(-43.3716998 -21.7730615),POINT(-43.3716998 -21.7730615), , ,POINT(-43.3716998 -21.7730615), , , , , , , ,2020
152,472,POINT(-43.3716998 -21.7730615),POINT(-43.3716998 -21.7730615), , ,POINT(-43.3716998 -21.7730615), , , , , , , ,2020
152,473,POINT(-43.3716998 -21.7730615),POINT(-43.3716998 -21.7730615), , ,POINT(-43.3716998 -21.7730615), , , , , , , ,2020
152,474,POINT(-43.3716998 -21.7730615),POINT(-43.3716998 -21.7730615), , ,POINT(-43.3716998 -21.7730615), , , , , , , ,2020
152,475,POINT(-43.3716998 -21.7730615),POINT(-43.3716998 -21.7730615), , ,POINT(-43.3716998 -21.7730615), , , , , , , ,2020
152,476,POINT(-43.3716998 -21.7730615),POINT(-43.3716998 -21.7730615), , ,POINT(-43.3716998 -21.7730615), , , , , , , ,2020
152,477,POINT(-43.3716998 -21.7730615),POINT(-43.3716998 -21.7730615), , ,POINT(-43.3716998 -21.7730615), , , , , , , ,2020
152,478,POINT(-43.3716998 -21.7730615),POINT(-43.3716998 -21.7730615), , ,POINT(-43.3716998 -21.7730615), , , , , , , ,2020
152,479,POINT(-43.3716998 -21.7730615),POINT(-43.3716998 -21.7730615), , ,POINT(-43.3716998 -21.7730615), , , , , , , ,2020
152,48,POINT(-43.350413 -21.768268),POINT(-43.3514467 -21.7681983), , ,POINT(-43.3514467 -21.7681983), , , ,POINT(-43.350413 -21.768268), , , ,2020
152,480,POINT(-43.38458 -21.78132),POINT(-43.38458 -21.78132), , ,POINT(-43.38458 -21.78132), , , , , , , ,2020
152,481,POINT(-43.38458 -21.78132),POINT(-43.38458 -21.78132), , ,POINT(-43.38458 -21.78132), , , , , , , ,2020
152,482,POINT(-43.38458 -21.78132),POINT(-43.38458 -21.78132), , ,POINT(-43.38458 -21.78132), , , , , , , ,2020
152,483,POINT(-43.38458 -21.78132),POINT(-43.38458 -21.78132), , ,POINT(-43.38458 -21.78132), , , , , , , ,2020
152,49,POINT(-43.350413 -21.768268),POINT(-43.3514467 -21.7681983), , ,POINT(-43.3514467 -21.7681983), , , ,POINT(-43.350413 -21.768268), , , ,2020
152,491,POINT(-43.382065 -21.7579041),POINT(-43.382065 -21.7579041), , ,POINT(-43.382065 -21.7579041), , , , , , , ,2020
152,492,POINT(-43.382065 -21.7579041),POINT(-43.382065 -21.7579041), , ,POINT(-43.382065 -21.7579041), , , , , , , ,2020
152,5,POINT(-43.3469284 -21.7632559),POINT(-43.3469284 -21.7632559), , , , , , ,POINT(-43.3469284 -21.7632559), , , ,2020
152,50, , , , , , , , , , , , ,2020
152,51,POINT(-43.3525 -21.76505),POINT(-43.3525 -21.76505), , ,POINT(-43.3525 -21.76505), , , , , , , ,2020
152,519,POINT(-43.3716998 -21.7730615),POINT(-43.3716998 -21.7730615), , ,POINT(-43.3716998 -21.7730615), , , , , , , ,2020
152,52,POINT(-43.3525 -21.76505),POINT(-43.3525 -21.76505), , ,POINT(-43.3525 -21.76505), , , , , , , ,2020
152,520,POINT(-43.3895335 -21.7899894),POINT(-43.3895335 -21.7899894), , ,POINT(-43.3895335 -21.7899894), , , , , , , ,2020
152,521,POINT(-43.3862331 -21.7718586),POINT(-43.3862331 -21.7718586), , ,POINT(-43.3862331 -21.7718586), , , , , , , ,2020
152,522,POINT(-43.352498 -21.7621496),POINT(-43.352498 -21.7621496), , , , , , ,POINT(-43.352498 -21.7621496), , , ,2020
152,523,POINT(-43.347193 -21.7654826),POINT(-43.347193 -21.7654826), , ,POINT(-43.347193 -21.7654826), , , , , , , ,2020
152,53,POINT(-43.347193 -21.7654826),POINT(-43.347193 -21.7654826), , ,POINT(-43.347193 -21.7654826), , , , , , , ,2020
152,54,POINT(-43.347193 -21.7654826),POINT(-43.347193 -21.7654826), , ,POINT(-43.347193 -21.7654826), , , , , , , ,2020
152,544,POINT(-43.3716998 -21.7730615),POINT(-43.3716998 -21.7730615), , ,POINT(-43.3716998 -21.7730615), , , , , , , ,2020
152,545,POINT(-43.3509812 -21.7719805),POINT(-43.3509812 -21.7719805), , , , , , ,POINT(-43.3509812 -21.7719805), , , ,2020
152,546,POINT(-43.3862331 -21.7718586),POINT(-43.3862331 -21.7718586), , ,POINT(-43.3862331 -21.7718586), , , , , , , ,2020
152,547,POINT(-43.38458 -21.78132),POINT(-43.38458 -21.78132), , ,POINT(-43.38458 -21.78132), , , , , , , ,2020
152,548,POINT(-43.3862331 -21.7718586),POINT(-43.3862331 -21.7718586), , ,POINT(-43.3862331 -21.7718586), , , , , , , ,2020
152,549,POINT(-43.373244 -21.772267),POINT(-43.373244 -21.772267), , , , , , ,POINT(-43.373244 -21.772267), , , ,2020
152,55, , , , , , , , , , , , ,2020
152,550, , , , , , , , , , , , ,2020
152,551,POINT(-43.3543176 -21.7564042),POINT(-43.3543176 -21.7564042), , ,POINT(-43.3543176 -21.7564042), , , , , , , ,2020
152,552,POINT(-43.352498 -21.7621496),POINT(-43.352498 -21.7621496), , , , , , ,POINT(-43.352498 -21.7621496), , , ,2020
152,555,POINT(-43.373244 -21.772267),POINT(-43.373244 -21.772267), , , , , , ,POINT(-43.373244 -21.772267), , , ,2020
152,556, , , , , , , , , , , , ,2020
152,557, , , , , , , , , , , , ,2020
152,558,POINT(-43.38458 -21.78132),POINT(-43.38458 -21.78132), , ,POINT(-43.38458 -21.78132), , , , , , , ,2020
152,559, , , , , , , , , , , , ,2020
152,56, , , , , , , , , , , , ,2020
152,560,POINT(-43.3895335 -21.7899894),POINT(-43.3895335 -21.7899894), , ,POINT(-43.3895335 -21.7899894), , , , , , , ,2020
152,561,POINT(-43.36439 -21.72934),POINT(-43.36439 -21.72934), , ,POINT(-43.36439 -21.72934), , , , , , , ,2020
152,562,POINT(-43.36439 -21.72934),POINT(-43.36439 -21.72934), , ,POINT(-43.36439 -21.72934), , , , , , , ,2020
152,563,POINT(-43.36439 -21.72934),POINT(-43.36439 -21.72934), , ,POINT(-43.36439 -21.72934), , , , , , , ,2020
152,564,POINT(-43.36439 -21.72934),POINT(-43.36439 -21.72934), , ,POINT(-43.36439 -21.72934), , , , , , , ,2020
152,565,POINT(-43.36439 -21.72934),POINT(-43.36439 -21.72934), , ,POINT(-43.36439 -21.72934), , , , , , , ,2020
152,566,POINT(-43.36439 -21.72934),POINT(-43.36439 -21.72934), , ,POINT(-43.36439 -21.72934), , , , , , , ,2020
152,567,POINT(-43.36439 -21.72934),POINT(-43.36439 -21.72934), , ,POINT(-43.36439 -21.72934), , , , , , , ,2020
152,568,POINT(-43.36439 -21.72934),POINT(-43.36439 -21.72934), , ,POINT(-43.36439 -21.72934), , , , , , , ,2020
152,569,POINT(-43.36439 -21.72934),POINT(-43.36439 -21.72934), , ,POINT(-43.36439 -21.72934), , , , , , , ,2020
152,57,POINT(-43.350982 -21.7635925),POINT(-43.350982 -21.7635925), , , , , , ,POINT(-43.350982 -21.7635925), , , ,2020
152,570,POINT(-43.36439 -21.72934),POINT(-43.36439 -21.72934), , ,POINT(-43.36439 -21.72934), , , , , , , ,2020
152,571,POINT(-43.36439 -21.72934),POINT(-43.36439 -21.72934), , ,POINT(-43.36439 -21.72934), , , , , , , ,2020
152,572, , , , , , , , , , , , ,2020
152,573, , , , , , , , , , , , ,2020
152,574,POINT(-43.3532632 -21.7527962),POINT(-43.3532632 -21.7527962), , , , , , ,POINT(-43.3532632 -21.7527962), , , ,2020
152,575,POINT(-43.3532632 -21.7527962),POINT(-43.3532632 -21.7527962), , , , , , ,POINT(-43.3532632 -21.7527962), , , ,2020
152,576,POINT(-43.3532632 -21.7527962),POINT(-43.3532632 -21.7527962), , , , , , ,POINT(-43.3532632 -21.7527962), , , ,2020
152,577,POINT(-43.3532632 -21.7527962),POINT(-43.3532632 -21.7527962), , , , , , ,POINT(-43.3532632 -21.7527962), , , ,2020
152,578,POINT(-43.3532632 -21.7527962),POINT(-43.3532632 -21.7527962), , , , , , ,POINT(-43.3532632 -21.7527962), , , ,2020
152,579,POINT(-43.3532632 -21.7527962),POINT(-43.3532632 -21.7527962), , , , , , ,POINT(-43.3532632 -21.7527962), , , ,2020
152,58, , , , , , , , , , , , ,2020
152,580,POINT(-43.3532632 -21.7527962),POINT(-43.3532632 -21.7527962), , , , , , ,POINT(-43.3532632 -21.7527962), , , ,2020
152,581,POINT(-43.3532632 -21.7527962),POINT(-43.3532632 -21.7527962), , , , , , ,POINT(-43.3532632 -21.7527962), , , ,2020
152,582,POINT(-43.3532632 -21.7527962),POINT(-43.3532632 -21.7527962), , , , , , ,POINT(-43.3532632 -21.7527962), , , ,2020
152,583,POINT(-43.3532632 -21.7527962),POINT(-43.3532632 -21.7527962), , , , , , ,POINT(-43.3532632 -21.7527962), , , ,2020
152,584,POINT(-43.3532632 -21.7527962),POINT(-43.3532632 -21.7527962), , , , , , ,POINT(-43.3532632 -21.7527962), , , ,2020
152,585,POINT(-43.3532632 -21.7527962),POINT(-43.3532632 -21.7527962), , , , , , ,POINT(-43.3532632 -21.7527962), , , ,2020
152,586,POINT(-43.3532632 -21.7527962),POINT(-43.3532632 -21.7527962), , , , , , ,POINT(-43.3532632 -21.7527962), , , ,2020
152,587,POINT(-43.3532632 -21.7527962),POINT(-43.3532632 -21.7527962), , , , , , ,POINT(-43.3532632 -21.7527962), , , ,2020
152,588,POINT(-43.3532632 -21.7527962),POINT(-43.3532632 -21.7527962), , , , , , ,POINT(-43.3532632 -21.7527962), , , ,2020
152,589,POINT(-43.3532632 -21.7527962),POINT(-43.3532632 -21.7527962), , , , , , ,POINT(-43.3532632 -21.7527962), , , ,2020
152,59, , , , , , , , , , , , ,2020
152,590,POINT(-43.3532632 -21.7527962),POINT(-43.3532632 -21.7527962), , , , , , ,POINT(-43.3532632 -21.7527962), , , ,2020
152,591,POINT(-43.3532632 -21.7527962),POINT(-43.3532632 -21.7527962), , , , , , ,POINT(-43.3532632 -21.7527962), , , ,2020
152,592,POINT(-43.3532632 -21.7527962),POINT(-43.3532632 -21.7527962), , , , , , ,POINT(-43.3532632 -21.7527962), , , ,2020
152,593,POINT(-43.3532632 -21.7527962),POINT(-43.3532632 -21.7527962), , , , , , ,POINT(-43.3532632 -21.7527962), , , ,2020
152,594,POINT(-43.3532632 -21.7527962),POINT(-43.3532632 -21.7527962), , , , , , ,POINT(-43.3532632 -21.7527962), , , ,2020
152,595,POINT(-43.3532632 -21.7527962),POINT(-43.3532632 -21.7527962), , , , , , ,POINT(-43.3532632 -21.7527962), , , ,2020
152,596, , , , , , , , , , , , ,2020
152,597, , , , , , , , , , , , ,2020
152,598, , , , , , , , , , , , ,2020
152,599, , , , , , , , , , , , ,2020
152,6,POINT(-43.350982 -21.7635925),POINT(-43.350982 -21.7635925), , , , , , ,POINT(-43.350982 -21.7635925), , , ,2020
152,60,POINT(-43.350982 -21.7635925),POINT(-43.350982 -21.7635925), , , , , , ,POINT(-43.350982 -21.7635925), , , ,2020
152,600, , , , , , , , , , , , ,2020
152,601,POINT(-43.3533013 -21.7524133),POINT(-43.3533013 -21.7524133), , , , , , ,POINT(-43.3533013 -21.7524133), , , ,2020
152,602,POINT(-43.3533013 -21.7524133),POINT(-43.3533013 -21.7524133), , , , , , ,POINT(-43.3533013 -21.7524133), , , ,2020
152,603,POINT(-43.3610571 -21.74264),POINT(-43.3610571 -21.74264), , ,POINT(-43.3610571 -21.74264), , , , , , , ,2020
152,604,POINT(-43.3610571 -21.74264),POINT(-43.3610571 -21.74264), , ,POINT(-43.3610571 -21.74264), , , , , , , ,2020
152,605,POINT(-43.3610571 -21.74264),POINT(-43.3610571 -21.74264), , ,POINT(-43.3610571 -21.74264), , , , , , , ,2020
152,606,POINT(-43.3610571 -21.74264),POINT(-43.3610571 -21.74264), , ,POINT(-43.3610571 -21.74264), , , , , , , ,2020
152,607,POINT(-43.3610571 -21.74264),POINT(-43.3610571 -21.74264), , ,POINT(-43.3610571 -21.74264), , , , , , , ,2020
152,608,POINT(-43.3619434 -21.7423422),POINT(-43.3619434 -21.7423422), , ,POINT(-43.3619434 -21.7423422), , , , , , , ,2020
152,609,POINT(-43.3619434 -21.7423422),POINT(-43.3619434 -21.7423422), , ,POINT(-43.3619434 -21.7423422), , , , , , , ,2020
152,61,POINT(-43.347193 -21.7654826),POINT(-43.347193 -21.7654826), , ,POINT(-43.347193 -21.7654826), , , , , , , ,2020
152,610,POINT(-43.3619434 -21.7423422),POINT(-43.3619434 -21.7423422), , ,POINT(-43.3619434 -21.7423422), , , , , , , ,2020
152,611,POINT(-43.3619434 -21.7423422),POINT(-43.3619434 -21.7423422), , ,POINT(-43.3619434 -21.7423422), , , , , , , ,2020
152,612,POINT(-43.364102 -21.7384769),POINT(-43.3641748 -21.7386169), , ,POINT(-43.3641748 -21.7386169), , , ,POINT(-43.364102 -21.7384769), , , ,2020
152,613,POINT(-43.364102 -21.7384769),POINT(-43.3641748 -21.7386169), , ,POINT(-43.3641748 -21.7386169), , , ,POINT(-43.364102 -21.7384769), , , ,2020
152,614,POINT(-43.364102 -21.7384769),POINT(-43.3641748 -21.7386169), , ,POINT(-43.3641748 -21.7386169), , , ,POINT(-43.364102 -21.7384769), , , ,2020
152,615,POINT(-43.364102 -21.7384769),POINT(-43.3641748 -21.7386169), , ,POINT(-43.3641748 -21.7386169), , , ,POINT(-43.364102 -21.7384769), , , ,2020
152,616,POINT(-43.364102 -21.7384769),POINT(-43.3641748 -21.7386169), , ,POINT(-43.3641748 -21.7386169), , , ,POINT(-43.364102 -21.7384769), , , ,2020
152,617,POINT(-43.364102 -21.7384769),POINT(-43.3641748 -21.7386169), , ,POINT(-43.3641748 -21.7386169), , , ,POINT(-43.364102 -21.7384769), , , ,2020
152,618,POINT(-43.364102 -21.7384769),POINT(-43.3641748 -21.7386169), , ,POINT(-43.3641748 -21.7386169), , , ,POINT(-43.364102 -21.7384769), , , ,2020
152,619,POINT(-43.3534293 -21.7206282),POINT(-43.3534293 -21.7206282), , ,POINT(-43.3534293 -21.7206282), , , , , , , ,2020
152,62, , , , , , , , , , , , ,2020
152,620,POINT(-43.3534293 -21.7206282),POINT(-43.3534293 -21.7206282), , ,POINT(-43.3534293 -21.7206282), , , , , , , ,2020
152,621,POINT(-43.3534293 -21.7206282),POINT(-43.3534293 -21.7206282), , ,POINT(-43.3534293 -21.7206282), , , , , , , ,2020
152,622,POINT(-43.3534293 -21.7206282),POINT(-43.3534293 -21.7206282), , ,POINT(-43.3534293 -21.7206282), , , , , , , ,2020
152,623,POINT(-43.3534293 -21.7206282),POINT(-43.3534293 -21.7206282), , ,POINT(-43.3534293 -21.7206282), , , , , , , ,2020
152,624,POINT(-43.3534293 -21.7206282),POINT(-43.3534293 -21.7206282), , ,POINT(-43.3534293 -21.7206282), , , , , , , ,2020
152,625,POINT(-43.3534293 -21.7206282),POINT(-43.3534293 -21.7206282), , ,POINT(-43.3534293 -21.7206282), , , , , , , ,2020
152,626,POINT(-43.3534293 -21.7206282),POINT(-43.3534293 -21.7206282), , ,POINT(-43.3534293 -21.7206282), , , , , , , ,2020
152,627,POINT(-43.3534293 -21.7206282),POINT(-43.3534293 -21.7206282), , ,POINT(-43.3534293 -21.7206282), , , , , , , ,2020
152,628,POINT(-43.3534293 -21.7206282),POINT(-43.3534293 -21.7206282), , ,POINT(-43.3534293 -21.7206282), , , , , , , ,2020
152,629,POINT(-43.3534293 -21.7206282),POINT(-43.3534293 -21.7206282), , ,POINT(-43.3534293 -21.7206282), , , , , , , ,2020
152,630,POINT(-43.3534293 -21.7206282),POINT(-43.3534293 -21.7206282), , ,POINT(-43.3534293 -21.7206282), , , , , , , ,2020
152,631,POINT(-43.3534293 -21.7206282),POINT(-43.3534293 -21.7206282), , ,POINT(-43.3534293 -21.7206282), , , , , , , ,2020
152,632,POINT(-43.4874659 -21.5807695),POINT(-43.4874659 -21.5807695), , ,POINT(-43.4874659 -21.5807695), , , , , , , ,2020
152,633,POINT(-43.4874659 -21.5807695),POINT(-43.4874659 -21.5807695), , ,POINT(-43.4874659 -21.5807695), , , , , , , ,2020
152,634,POINT(-43.4874659 -21.5807695),POINT(-43.4874659 -21.5807695), , ,POINT(-43.4874659 -21.5807695), , , , , , , ,2020
152,635,POINT(-43.3519108 -21.7740091),POINT(-43.3519108 -21.7740091), , , , , , ,POINT(-43.3519108 -21.7740091), , , ,2020
152,636,POINT(-43.3519108 -21.7740091),POINT(-43.3519108 -21.7740091), , , , , , ,POINT(-43.3519108 -21.7740091), , , ,2020
152,637,POINT(-43.3519108 -21.7740091),POINT(-43.3519108 -21.7740091), , , , , , ,POINT(-43.3519108 -21.7740091), , , ,2020
152,638,POINT(-43.3519108 -21.7740091),POINT(-43.3519108 -21.7740091), , , , , , ,POINT(-43.3519108 -21.7740091), , , ,2020
152,639,POINT(-43.455564 -21.6481366), , , ,POINT(-43.455564 -21.6481366), , , , , , , ,2020
152,640,POINT(-43.455564 -21.6481366), , , ,POINT(-43.455564 -21.6481366), , , , , , , ,2020
152,641,POINT(-43.3626884 -21.742374),POINT(-43.3626884 -21.742374), , , , , , ,POINT(-43.3626884 -21.742374), , , ,2020
152,642,POINT(-43.3626884 -21.742374),POINT(-43.3626884 -21.742374), , , , , , ,POINT(-43.3626884 -21.742374), , , ,2020
152,643,POINT(-43.3626884 -21.742374),POINT(-43.3626884 -21.742374), , , , , , ,POINT(-43.3626884 -21.742374), , , ,2020
152,644,POINT(-43.3626884 -21.742374),POINT(-43.3626884 -21.742374), , , , , , ,POINT(-43.3626884 -21.742374), , , ,2020
152,645,POINT(-43.3626884 -21.742374),POINT(-43.3626884 -21.742374), , , , , , ,POINT(-43.3626884 -21.742374), , , ,2020
152,646,POINT(-43.3622006 -21.7420691),POINT(-43.3622006 -21.7420691), , , , , , ,POINT(-43.3622006 -21.7420691), , , ,2020
152,647,POINT(-43.3622006 -21.7420691),POINT(-43.3622006 -21.7420691), , , , , , ,POINT(-43.3622006 -21.7420691), , , ,2020
152,648,POINT(-43.3622006 -21.7420691),POINT(-43.3622006 -21.7420691), , , , , , ,POINT(-43.3622006 -21.7420691), , , ,2020
152,650,POINT(-43.3606396 -21.7328172),POINT(-43.3606396 -21.7328172), , ,POINT(-43.3606396 -21.7328172), , , , , , , ,2020
152,651,POINT(-43.3606396 -21.7328172),POINT(-43.3606396 -21.7328172), , ,POINT(-43.3606396 -21.7328172), , , , , , , ,2020
152,652,POINT(-43.3606396 -21.7328172),POINT(-43.3606396 -21.7328172), , ,POINT(-43.3606396 -21.7328172), , , , , , , ,2020
152,653,POINT(-43.3606396 -21.7328172),POINT(-43.3606396 -21.7328172), , ,POINT(-43.3606396 -21.7328172), , , , , , , ,2020
152,654,POINT(-43.3606396 -21.7328172),POINT(-43.3606396 -21.7328172), , ,POINT(-43.3606396 -21.7328172), , , , , , , ,2020
152,655,POINT(-43.3606396 -21.7328172),POINT(-43.3606396 -21.7328172), , ,POINT(-43.3606396 -21.7328172), , , , , , , ,2020
152,656,POINT(-43.3606396 -21.7328172),POINT(-43.3606396 -21.7328172), , ,POINT(-43.3606396 -21.7328172), , , , , , , ,2020
152,657,POINT(-43.3606396 -21.7328172),POINT(-43.3606396 -21.7328172), , ,POINT(-43.3606396 -21.7328172), , , , , , , ,2020
152,658,POINT(-43.3575883 -21.7415353),POINT(-43.3576835 -21.741204), , ,POINT(-43.3576835 -21.741204), , , ,POINT(-43.3575883 -21.7415353), , , ,2020
152,659,POINT(-43.3575883 -21.7415353),POINT(-43.3576835 -21.741204), , ,POINT(-43.3576835 -21.741204), , , ,POINT(-43.3575883 -21.7415353), , , ,2020
152,66,POINT(-43.350413 -21.768268),POINT(-43.3514467 -21.7681983), , ,POINT(-43.3514467 -21.7681983), , , ,POINT(-43.350413 -21.768268), , , ,2020
152,660,POINT(-43.5061999 -21.5944068),POINT(-43.5061999 -21.5944068), , ,POINT(-43.5061999 -21.5944068), , , , , , , ,2020
152,661, , , , , , , , , , , , ,2020
152,662, , , , , , , , , , , , ,2020
152,663,POINT(-43.413599 -21.775172),POINT(-43.413599 -21.775172), , , , , , ,POINT(-43.413599 -21.775172), , , ,2020
152,664,POINT(-43.352498 -21.7621496),POINT(-43.352498 -21.7621496), , , , , , ,POINT(-43.352498 -21.7621496), , , ,2020
152,665, , , , , , , , , , , , ,2020
152,666, , , , , , , , , , , , ,2020
152,667, , , , , , , , , , , , ,2020
152,668,POINT(-43.413599 -21.775172),POINT(-43.413599 -21.775172), , , , , , ,POINT(-43.413599 -21.775172), , , ,2020
152,669,POINT(-43.382065 -21.7579041),POINT(-43.382065 -21.7579041), , ,POINT(-43.382065 -21.7579041), , , , , , , ,2020
152,67,POINT(-43.350982 -21.7635925),POINT(-43.350982 -21.7635925), , , , , , ,POINT(-43.350982 -21.7635925), , , ,2020
152,670,POINT(-43.3895335 -21.7899894),POINT(-43.3895335 -21.7899894), , ,POINT(-43.3895335 -21.7899894), , , , , , , ,2020
152,671,POINT(-43.38458 -21.78132),POINT(-43.38458 -21.78132), , ,POINT(-43.38458 -21.78132), , , , , , , ,2020
152,672, , , , , , , , , , , , ,2020
152,673,POINT(-43.352498 -21.7621496),POINT(-43.352498 -21.7621496), , , , , , ,POINT(-43.352498 -21.7621496), , , ,2020
152,674, , , , , , , , , , , , ,2020
152,675, , , , , , , , , , , , ,2020
152,676,POINT(-43.413599 -21.775172),POINT(-43.413599 -21.775172), , , , , , ,POINT(-43.413599 -21.775172), , , ,2020
152,677,POINT(-43.3895335 -21.7899894),POINT(-43.3895335 -21.7899894), , ,POINT(-43.3895335 -21.7899894), , , , , , , ,2020
152,678,POINT(-43.38458 -21.78132),POINT(-43.38458 -21.78132), , ,POINT(-43.38458 -21.78132), , , , , , , ,2020
152,679,POINT(-43.3895335 -21.7899894),POINT(-43.3895335 -21.7899894), , ,POINT(-43.3895335 -21.7899894), , , , , , , ,2020
152,68,POINT(-43.350982 -21.7635925),POINT(-43.350982 -21.7635925), , , , , , ,POINT(-43.350982 -21.7635925), , , ,2020
152,680, , , , , , , , , , , , ,2020
152,69, , , , , , , , , , , , ,2020
152,7,POINT(-43.3469284 -21.7632559),POINT(-43.3469284 -21.7632559), , , , , , ,POINT(-43.3469284 -21.7632559), , , ,2020
152,70,POINT(-43.3469284 -21.7632559),POINT(-43.3469284 -21.7632559), , , , , , ,POINT(-43.3469284 -21.7632559), , , ,2020
152,71, , , , , , , , , , , , ,2020
152,8,POINT(-43.3469284 -21.7632559),POINT(-43.3469284 -21.7632559), , , , , , ,POINT(-43.3469284 -21.7632559), , , ,2020
152,9,POINT(-43.3469284 -21.7632559),POINT(-43.3469284 -21.7632559), , , , , , ,POINT(-43.3469284 -21.7632559), , , ,2020
153,100,POINT(-43.39527 -21.73516),POINT(-43.39527 -21.73516), , ,POINT(-43.39527 -21.73516), , , , , , , ,2020
153,101,POINT(-43.39527 -21.73516),POINT(-43.39527 -21.73516), , ,POINT(-43.39527 -21.73516), , , , , , , ,2020
153,102,POINT(-43.39527 -21.73516),POINT(-43.39527 -21.73516), , ,POINT(-43.39527 -21.73516), , , , , , , ,2020
153,103,POINT(-43.3903468 -21.7322622),POINT(-43.3903468 -21.7322622), , ,POINT(-43.3903468 -21.7322622), , , , , , , ,2020
153,104,POINT(-43.3903468 -21.7322622),POINT(-43.3903468 -21.7322622), , ,POINT(-43.3903468 -21.7322622), , , , , , , ,2020
153,105,POINT(-43.3903468 -21.7322622),POINT(-43.3903468 -21.7322622), , ,POINT(-43.3903468 -21.7322622), , , , , , , ,2020
153,106,POINT(-43.3903468 -21.7322622),POINT(-43.3903468 -21.7322622), , ,POINT(-43.3903468 -21.7322622), , , , , , , ,2020
153,107,POINT(-43.3903468 -21.7322622),POINT(-43.3903468 -21.7322622), , ,POINT(-43.3903468 -21.7322622), , , , , , , ,2020
153,108,POINT(-43.3903468 -21.7322622),POINT(-43.3903468 -21.7322622), , ,POINT(-43.3903468 -21.7322622), , , , , , , ,2020
153,109,POINT(-43.3903468 -21.7322622),POINT(-43.3903468 -21.7322622), , ,POINT(-43.3903468 -21.7322622), , , , , , , ,2020
153,110,POINT(-43.3903468 -21.7322622),POINT(-43.3903468 -21.7322622), , ,POINT(-43.3903468 -21.7322622), , , , , , , ,2020
153,111,POINT(-43.3903468 -21.7322622),POINT(-43.3903468 -21.7322622), , ,POINT(-43.3903468 -21.7322622), , , , , , , ,2020
153,112,POINT(-43.3936471 -21.7349294),POINT(-43.3936471 -21.7349294), , , , , , ,POINT(-43.3936471 -21.7349294), , , ,2020
153,114,POINT(-43.3936471 -21.7349294),POINT(-43.3936471 -21.7349294), , , , , , ,POINT(-43.3936471 -21.7349294), , , ,2020
153,115,POINT(-43.40383 -21.71567),POINT(-43.40383 -21.71567), , ,POINT(-43.40383 -21.71567), , , , , , , ,2020
153,116,POINT(-43.40383 -21.71567),POINT(-43.40383 -21.71567), , ,POINT(-43.40383 -21.71567), , , , , , , ,2020
153,117,POINT(-43.3954077 -21.7208092),POINT(-43.3954077 -21.7208092), , ,POINT(-43.3954077 -21.7208092), , , , , , , ,2020
153,118,POINT(-43.3954077 -21.7208092),POINT(-43.3954077 -21.7208092), , ,POINT(-43.3954077 -21.7208092), , , , , , , ,2020
153,119,POINT(-43.3954077 -21.7208092),POINT(-43.3954077 -21.7208092), , ,POINT(-43.3954077 -21.7208092), , , , , , , ,2020
153,120,POINT(-43.3954077 -21.7208092),POINT(-43.3954077 -21.7208092), , ,POINT(-43.3954077 -21.7208092), , , , , , , ,2020
153,121,POINT(-43.3954077 -21.7208092),POINT(-43.3954077 -21.7208092), , ,POINT(-43.3954077 -21.7208092), , , , , , , ,2020
153,122,POINT(-43.3954077 -21.7208092),POINT(-43.3954077 -21.7208092), , ,POINT(-43.3954077 -21.7208092), , , , , , , ,2020
153,123,POINT(-43.3954077 -21.7208092),POINT(-43.3954077 -21.7208092), , ,POINT(-43.3954077 -21.7208092), , , , , , , ,2020
153,124,POINT(-43.3954077 -21.7208092),POINT(-43.3954077 -21.7208092), , ,POINT(-43.3954077 -21.7208092), , , , , , , ,2020
153,125,POINT(-43.3954077 -21.7208092),POINT(-43.3954077 -21.7208092), , ,POINT(-43.3954077 -21.7208092), , , , , , , ,2020
153,126,POINT(-43.3954077 -21.7208092),POINT(-43.3954077 -21.7208092), , ,POINT(-43.3954077 -21.7208092), , , , , , , ,2020
153,132,POINT(-43.3973717 -21.7231639),POINT(-43.3973717 -21.7231639), , ,POINT(-43.3973717 -21.7231639), , , , , , , ,2020
153,133,POINT(-43.3973717 -21.7231639),POINT(-43.3973717 -21.7231639), , ,POINT(-43.3973717 -21.7231639), , , , , , , ,2020
153,134,POINT(-43.3973717 -21.7231639),POINT(-43.3973717 -21.7231639), , ,POINT(-43.3973717 -21.7231639), , , , , , , ,2020
153,135,POINT(-43.3973717 -21.7231639),POINT(-43.3973717 -21.7231639), , ,POINT(-43.3973717 -21.7231639), , , , , , , ,2020
153,136,POINT(-43.3973717 -21.7231639),POINT(-43.3973717 -21.7231639), , ,POINT(-43.3973717 -21.7231639), , , , , , , ,2020
153,137,POINT(-43.3973717 -21.7231639),POINT(-43.3973717 -21.7231639), , ,POINT(-43.3973717 -21.7231639), , , , , , , ,2020
153,138,POINT(-43.3973717 -21.7231639),POINT(-43.3973717 -21.7231639), , ,POINT(-43.3973717 -21.7231639), , , , , , , ,2020
153,139,POINT(-43.3973717 -21.7231639),POINT(-43.3973717 -21.7231639), , ,POINT(-43.3973717 -21.7231639), , , , , , , ,2020
153,140,POINT(-43.3973717 -21.7231639),POINT(-43.3973717 -21.7231639), , ,POINT(-43.3973717 -21.7231639), , , , , , , ,2020
153,141,POINT(-43.38596 -21.74401),POINT(-43.38596 -21.74401), , ,POINT(-43.38596 -21.74401), , , , , , , ,2020
153,142,POINT(-43.38596 -21.74401),POINT(-43.38596 -21.74401), , ,POINT(-43.38596 -21.74401), , , , , , , ,2020
153,143,POINT(-43.38596 -21.74401),POINT(-43.38596 -21.74401), , ,POINT(-43.38596 -21.74401), , , , , , , ,2020
153,144,POINT(-43.38596 -21.74401),POINT(-43.38596 -21.74401), , ,POINT(-43.38596 -21.74401), , , , , , , ,2020
153,145,POINT(-43.38596 -21.74401),POINT(-43.38596 -21.74401), , ,POINT(-43.38596 -21.74401), , , , , , , ,2020
153,146,POINT(-43.38596 -21.74401),POINT(-43.38596 -21.74401), , ,POINT(-43.38596 -21.74401), , , , , , , ,2020
153,147,POINT(-43.38596 -21.74401),POINT(-43.38596 -21.74401), , ,POINT(-43.38596 -21.74401), , , , , , , ,2020
153,148,POINT(-43.38596 -21.74401),POINT(-43.38596 -21.74401), , ,POINT(-43.38596 -21.74401), , , , , , , ,2020
153,176, , , , , , , , , , , , ,2020
153,177, , , , , , , , , , , , ,2020
153,178, , , , , , , , , , , , ,2020
153,179, , , , , , , , , , , , ,2020
153,180, , , , , , , , , , , , ,2020
153,181,POINT(-43.43609 -21.70392),POINT(-43.43609 -21.70392), , ,POINT(-43.43609 -21.70392), , , , , , , ,2020
153,182,POINT(-43.43609 -21.70392),POINT(-43.43609 -21.70392), , ,POINT(-43.43609 -21.70392), , , , , , , ,2020
153,183,POINT(-43.43609 -21.70392),POINT(-43.43609 -21.70392), , ,POINT(-43.43609 -21.70392), , , , , , , ,2020
153,184,POINT(-43.438629 -21.710842),POINT(-43.4385237 -21.7106812), , ,POINT(-43.4385237 -21.7106812), , , ,POINT(-43.438629 -21.710842), , , ,2020
153,185,POINT(-43.438629 -21.710842),POINT(-43.4385237 -21.7106812), , ,POINT(-43.4385237 -21.7106812), , , ,POINT(-43.438629 -21.710842), , , ,2020
153,186,POINT(-43.438629 -21.710842),POINT(-43.4385237 -21.7106812), , ,POINT(-43.4385237 -21.7106812), , , ,POINT(-43.438629 -21.710842), , , ,2020
153,187,POINT(-43.438629 -21.710842),POINT(-43.4385237 -21.7106812), , ,POINT(-43.4385237 -21.7106812), , , ,POINT(-43.438629 -21.710842), , , ,2020
153,188,POINT(-43.438629 -21.710842),POINT(-43.4385237 -21.7106812), , ,POINT(-43.4385237 -21.7106812), , , ,POINT(-43.438629 -21.710842), , , ,2020
153,189,POINT(-43.438629 -21.710842),POINT(-43.4385237 -21.7106812), , ,POINT(-43.4385237 -21.7106812), , , ,POINT(-43.438629 -21.710842), , , ,2020
153,190,POINT(-43.438629 -21.710842),POINT(-43.4385237 -21.7106812), , ,POINT(-43.4385237 -21.7106812), , , ,POINT(-43.438629 -21.710842), , , ,2020
153,191,POINT(-43.438629 -21.710842),POINT(-43.4385237 -21.7106812), , ,POINT(-43.4385237 -21.7106812), , , ,POINT(-43.438629 -21.710842), , , ,2020
153,192,POINT(-43.438629 -21.710842),POINT(-43.4385237 -21.7106812), , ,POINT(-43.4385237 -21.7106812), , , ,POINT(-43.438629 -21.710842), , , ,2020
153,193,POINT(-43.438629 -21.710842),POINT(-43.4385237 -21.7106812), , ,POINT(-43.4385237 -21.7106812), , , ,POINT(-43.438629 -21.710842), , , ,2020
153,194,POINT(-43.438629 -21.710842),POINT(-43.4385237 -21.7106812), , ,POINT(-43.4385237 -21.7106812), , , ,POINT(-43.438629 -21.710842), , , ,2020
153,195,POINT(-43.438842 -21.686303),POINT(-43.438875 -21.6860173), , ,POINT(-43.438875 -21.6860173), , , ,POINT(-43.438842 -21.686303), , , ,2020
153,196,POINT(-43.438842 -21.686303),POINT(-43.438875 -21.6860173), , ,POINT(-43.438875 -21.6860173), , , ,POINT(-43.438842 -21.686303), , , ,2020
153,197,POINT(-43.4254991 -21.7011491),POINT(-43.4254991 -21.7011491), , ,POINT(-43.4254991 -21.7011491), , , , , , , ,2020
153,198,POINT(-43.4254991 -21.7011491),POINT(-43.4254991 -21.7011491), , ,POINT(-43.4254991 -21.7011491), , , , , , , ,2020
153,199,POINT(-43.4254991 -21.7011491),POINT(-43.4254991 -21.7011491), , ,POINT(-43.4254991 -21.7011491), , , , , , , ,2020
153,200,POINT(-43.4254991 -21.7011491),POINT(-43.4254991 -21.7011491), , ,POINT(-43.4254991 -21.7011491), , , , , , , ,2020
153,201,POINT(-43.430054 -21.6957928),POINT(-43.430054 -21.6957928), , ,POINT(-43.430054 -21.6957928), , , , , , , ,2020
153,202,POINT(-43.430054 -21.6957928),POINT(-43.430054 -21.6957928), , ,POINT(-43.430054 -21.6957928), , , , , , , ,2020
153,203,POINT(-43.430054 -21.6957928),POINT(-43.430054 -21.6957928), , ,POINT(-43.430054 -21.6957928), , , , , , , ,2020
153,204,POINT(-43.430054 -21.6957928),POINT(-43.430054 -21.6957928), , ,POINT(-43.430054 -21.6957928), , , , , , , ,2020
153,205,POINT(-43.430054 -21.6957928),POINT(-43.430054 -21.6957928), , ,POINT(-43.430054 -21.6957928), , , , , , , ,2020
153,206,POINT(-43.430054 -21.6957928),POINT(-43.430054 -21.6957928), , ,POINT(-43.430054 -21.6957928), , , , , , , ,2020
153,207, , , , , , , , , ,POINT(-43.4396831 -21.685896), , ,2020
153,208, , , , , , , , , ,POINT(-43.4396831 -21.685896), , ,2020
153,209, , , , , , , , , ,POINT(-43.4396831 -21.685896), , ,2020
153,210,POINT(-43.438842 -21.686303),POINT(-43.438875 -21.6860173), , ,POINT(-43.438875 -21.6860173), , , ,POINT(-43.438842 -21.686303), , , ,2020
153,211,POINT(-43.438842 -21.686303),POINT(-43.438875 -21.6860173), , ,POINT(-43.438875 -21.6860173), , , ,POINT(-43.438842 -21.686303), , , ,2020
153,212,POINT(-43.437059 -21.685384),POINT(-43.437059 -21.685384), , , , , , ,POINT(-43.437059 -21.685384), , , ,2020
153,213,POINT(-43.437059 -21.685384),POINT(-43.437059 -21.685384), , , , , , ,POINT(-43.437059 -21.685384), , , ,2020
153,214,POINT(-43.437059 -21.685384),POINT(-43.437059 -21.685384), , , , , , ,POINT(-43.437059 -21.685384), , , ,2020
153,215,POINT(-43.438842 -21.686303),POINT(-43.438875 -21.6860173), , ,POINT(-43.438875 -21.6860173), , , ,POINT(-43.438842 -21.686303), , , ,2020
153,216,POINT(-43.4848962 -21.7073081),POINT(-43.4848962 -21.7073081), , ,POINT(-43.4848962 -21.7073081), , , , , , , ,2020
153,217,POINT(-43.4848962 -21.7073081),POINT(-43.4848962 -21.7073081), , ,POINT(-43.4848962 -21.7073081), , , , , , , ,2020
153,218,POINT(-43.4848962 -21.7073081),POINT(-43.4848962 -21.7073081), , ,POINT(-43.4848962 -21.7073081), , , , , , , ,2020
153,219, , , , , , , , , , , , ,2020
153,220, , , , , , , , , , , , ,2020
153,221, , , , , , , , , , , , ,2020
153,222,POINT(-43.6028015 -21.7606119),POINT(-43.6028015 -21.7606119), , ,POINT(-43.6028015 -21.7606119), , , , , , , ,2020
153,223,POINT(-43.6028015 -21.7606119),POINT(-43.6028015 -21.7606119), , ,POINT(-43.6028015 -21.7606119), , , , , , , ,2020
153,224, , , , , , , , , ,POINT(-43.4396831 -21.685896), , ,2020
153,225,POINT(-43.430054 -21.6957928),POINT(-43.430054 -21.6957928), , ,POINT(-43.430054 -21.6957928), , , , , , , ,2020
153,226,POINT(-43.3973717 -21.7231639),POINT(-43.3973717 -21.7231639), , ,POINT(-43.3973717 -21.7231639), , , , , , , ,2020
153,228,POINT(-43.39527 -21.73516),POINT(-43.39527 -21.73516), , ,POINT(-43.39527 -21.73516), , , , , , , ,2020
153,233,POINT(-43.4099104 -21.7177611),POINT(-43.4099104 -21.7177611), , ,POINT(-43.4099104 -21.7177611), , , , , , , ,2020
153,234,POINT(-43.4427444 -21.7074864),POINT(-43.4427444 -21.7074864), , , , , , ,POINT(-43.4427444 -21.7074864), , , ,2020
153,236, , , , , , , , , , , , ,2020
153,241,POINT(-43.4060286 -21.7430455),POINT(-43.4060286 -21.7430455), , ,POINT(-43.4060286 -21.7430455), , , , , , , ,2020
153,242,POINT(-43.40383 -21.71567),POINT(-43.40383 -21.71567), , ,POINT(-43.40383 -21.71567), , , , , , , ,2020
153,245,POINT(-43.4099104 -21.7177611),POINT(-43.4099104 -21.7177611), , ,POINT(-43.4099104 -21.7177611), , , , , , , ,2020
153,246,POINT(-43.4427444 -21.7074864),POINT(-43.4427444 -21.7074864), , , , , , ,POINT(-43.4427444 -21.7074864), , , ,2020
153,248,POINT(-43.438842 -21.686303),POINT(-43.438875 -21.6860173), , ,POINT(-43.438875 -21.6860173), , , ,POINT(-43.438842 -21.686303), , , ,2020
153,249,POINT(-43.4427444 -21.7074864),POINT(-43.4427444 -21.7074864), , , , , , ,POINT(-43.4427444 -21.7074864), , , ,2020
153,250,POINT(-43.39527 -21.73516),POINT(-43.39527 -21.73516), , ,POINT(-43.39527 -21.73516), , , , , , , ,2020
153,252,POINT(-43.4060286 -21.7430455),POINT(-43.4060286 -21.7430455), , ,POINT(-43.4060286 -21.7430455), , , , , , , ,2020
153,255,POINT(-43.4099104 -21.7177611),POINT(-43.4099104 -21.7177611), , ,POINT(-43.4099104 -21.7177611), , , , , , , ,2020
153,256,POINT(-43.3973717 -21.7231639),POINT(-43.3973717 -21.7231639), , ,POINT(-43.3973717 -21.7231639), , , , , , , ,2020
153,257, , , , , , , , , , , , ,2020
153,258,POINT(-43.40383 -21.71567),POINT(-43.40383 -21.71567), , ,POINT(-43.40383 -21.71567), , , , , , , ,2020
153,259, , , , , , , , , , , , ,2020
153,261,POINT(-43.43609 -21.70392),POINT(-43.43609 -21.70392), , ,POINT(-43.43609 -21.70392), , , , , , , ,2020
153,263,POINT(-43.4427444 -21.7074864),POINT(-43.4427444 -21.7074864), , , , , , ,POINT(-43.4427444 -21.7074864), , , ,2020
153,264,POINT(-43.3973717 -21.7231639),POINT(-43.3973717 -21.7231639), , ,POINT(-43.3973717 -21.7231639), , , , , , , ,2020
153,267,POINT(-43.438842 -21.686303),POINT(-43.438875 -21.6860173), , ,POINT(-43.438875 -21.6860173), , , ,POINT(-43.438842 -21.686303), , , ,2020
153,268,POINT(-43.40383 -21.71567),POINT(-43.40383 -21.71567), , ,POINT(-43.40383 -21.71567), , , , , , , ,2020
153,270, , , , , , , , , ,POINT(-43.4396831 -21.685896), , ,2020
153,271,POINT(-43.4458975 -21.6943166),POINT(-43.4458975 -21.6943166), , ,POINT(-43.4458975 -21.6943166), , , , , , , ,2020
153,274,POINT(-43.4060286 -21.7430455),POINT(-43.4060286 -21.7430455), , ,POINT(-43.4060286 -21.7430455), , , , , , , ,2020
153,275,POINT(-43.4427444 -21.7074864),POINT(-43.4427444 -21.7074864), , , , , , ,POINT(-43.4427444 -21.7074864), , , ,2020
153,276,POINT(-43.4427444 -21.7074864),POINT(-43.4427444 -21.7074864), , , , , , ,POINT(-43.4427444 -21.7074864), , , ,2020
153,277,POINT(-43.39527 -21.73516),POINT(-43.39527 -21.73516), , ,POINT(-43.39527 -21.73516), , , , , , , ,2020
153,280,POINT(-43.4099104 -21.7177611),POINT(-43.4099104 -21.7177611), , ,POINT(-43.4099104 -21.7177611), , , , , , , ,2020
153,282, , , , , , , , , , , , ,2020
153,285, , , , , , , , , ,POINT(-43.4396831 -21.685896), , ,2020
153,287,POINT(-43.438842 -21.686303),POINT(-43.438875 -21.6860173), , ,POINT(-43.438875 -21.6860173), , , ,POINT(-43.438842 -21.686303), , , ,2020
153,288,POINT(-43.43609 -21.70392),POINT(-43.43609 -21.70392), , ,POINT(-43.43609 -21.70392), , , , , , , ,2020
153,289,POINT(-43.4060286 -21.7430455),POINT(-43.4060286 -21.7430455), , ,POINT(-43.4060286 -21.7430455), , , , , , , ,2020
153,292,POINT(-43.4360893 -21.677547),POINT(-43.4360893 -21.677547), , ,POINT(-43.4360893 -21.677547), , , , , , , ,2020
153,296,POINT(-43.38596 -21.74401),POINT(-43.38596 -21.74401), , ,POINT(-43.38596 -21.74401), , , , , , , ,2020
153,298,POINT(-43.3903468 -21.7322622),POINT(-43.3903468 -21.7322622), , ,POINT(-43.3903468 -21.7322622), , , , , , , ,2020
153,300,POINT(-43.3936336 -21.7437871),POINT(-43.3936336 -21.7437871), , ,POINT(-43.3936336 -21.7437871), , , , , , , ,2020
153,301,POINT(-43.4060286 -21.7430455),POINT(-43.4060286 -21.7430455), , ,POINT(-43.4060286 -21.7430455), , , , , , , ,2020
153,302,POINT(-43.3973717 -21.7231639),POINT(-43.3973717 -21.7231639), , ,POINT(-43.3973717 -21.7231639), , , , , , , ,2020
153,305,POINT(-43.39527 -21.73516),POINT(-43.39527 -21.73516), , ,POINT(-43.39527 -21.73516), , , , , , , ,2020
153,306,POINT(-43.437059 -21.685384),POINT(-43.437059 -21.685384), , , , , , ,POINT(-43.437059 -21.685384), , , ,2020
153,307, , , , , , , , , ,POINT(-43.4396831 -21.685896), , ,2020
153,308,POINT(-43.4427444 -21.7074864),POINT(-43.4427444 -21.7074864), , , , , , ,POINT(-43.4427444 -21.7074864), , , ,2020
153,309,POINT(-43.4458975 -21.6943166),POINT(-43.4458975 -21.6943166), , ,POINT(-43.4458975 -21.6943166), , , , , , , ,2020
153,310, , , , , , , , , , , , ,2020
153,311,POINT(-43.4099104 -21.7177611),POINT(-43.4099104 -21.7177611), , ,POINT(-43.4099104 -21.7177611), , , , , , , ,2020
153,313,POINT(-43.4848962 -21.7073081),POINT(-43.4848962 -21.7073081), , ,POINT(-43.4848962 -21.7073081), , , , , , , ,2020
153,314,POINT(-43.40383 -21.71567),POINT(-43.40383 -21.71567), , ,POINT(-43.40383 -21.71567), , , , , , , ,2020
153,319,POINT(-43.4060286 -21.7430455),POINT(-43.4060286 -21.7430455), , ,POINT(-43.4060286 -21.7430455), , , , , , , ,2020
153,320,POINT(-43.4427444 -21.7074864),POINT(-43.4427444 -21.7074864), , , , , , ,POINT(-43.4427444 -21.7074864), , , ,2020
153,321,POINT(-43.4246653 -21.7108903),POINT(-43.4246653 -21.7108903), , ,POINT(-43.4246653 -21.7108903), , , , , , , ,2020
153,322,POINT(-43.4422147 -21.688347),POINT(-43.4422147 -21.688347), , ,POINT(-43.4422147 -21.688347), , , , , , , ,2020
153,323,POINT(-43.39527 -21.73516),POINT(-43.39527 -21.73516), , ,POINT(-43.39527 -21.73516), , , , , , , ,2020
153,324,POINT(-43.43609 -21.70392),POINT(-43.43609 -21.70392), , ,POINT(-43.43609 -21.70392), , , , , , , ,2020
153,325, , , , , , , , , , , , ,2020
153,326, , , , , , , , , ,POINT(-43.4396831 -21.685896), , ,2020
153,329,POINT(-43.4060286 -21.7430455),POINT(-43.4060286 -21.7430455), , ,POINT(-43.4060286 -21.7430455), , , , , , , ,2020
153,330,POINT(-43.39527 -21.73516),POINT(-43.39527 -21.73516), , ,POINT(-43.39527 -21.73516), , , , , , , ,2020
153,331,POINT(-43.4099104 -21.7177611),POINT(-43.4099104 -21.7177611), , ,POINT(-43.4099104 -21.7177611), , , , , , , ,2020
153,334,POINT(-43.4848962 -21.7073081),POINT(-43.4848962 -21.7073081), , ,POINT(-43.4848962 -21.7073081), , , , , , , ,2020
153,335,POINT(-43.43609 -21.70392),POINT(-43.43609 -21.70392), , ,POINT(-43.43609 -21.70392), , , , , , , ,2020
